FileName,FileCreateDate,Date Scanned,Tags,Date Sent,Sender,Sent from,Notes,Page #,Envelope #,objectid,parentid,display_template,Verification,Temp.Check
9.30.60 4pgs.tiff,2026:03:19 13:11:37-04:00,03/19 13:11:37,"Ruth Haskins, Haskins, elizabethtown nc",9/30/1960,Ruth Haskins,elizabethtown nc,Haskins,4,,9-30-60-4pgs-tiff,,multiple,1,FALSE
10.19.60 3pgs.tiff,2026:03:19 13:21:47-04:00,03/19 13:21:47,"john boyfriend, high point",10/19/1960,john boyfriend,high point,,3,,10-19-60-3pgs-tiff,,multiple,1,FALSE
11.6.60 1pg.tiff,2026:03:19 13:28:08-04:00,03/19 13:28:08,"Rescan with iPhone, ?, ben, oklahoma city",11/6/1960,Rescan with iPhone,oklahoma city,"?, ben",1,,11-6-60-1pg-tiff,,,1,FALSE
10.23.60 2pgs.tiff,2026:03:19 13:37:48-04:00,03/19 13:37:48,"Rescan with iPhone, ben, oklahoma city",10/23/1960,Rescan with iPhone,oklahoma city,ben,2,,10-23-60-2pgs-tiff,,multiple,1,FALSE
10.2.60 1pgs.tiff,2026:03:19 14:21:56-04:00,03/19 14:21:56,"grandmother, rochester ny",10/2/1960,grandmother,rochester ny,,1,,10-2-60-1pgs-tiff,,,1,FALSE
9.29.60 2pgs.tiff,2026:03:19 14:29:54-04:00,03/19 14:29:54,"Clarice bowman, high point",9/29/1960,Clarice bowman,high point,,2,,9-29-60-2pgs-tiff,,multiple,1,FALSE
8.27.60 2pgs.tiff,2026:03:19 14:34:58-04:00,03/19 14:34:58,"?, Rescan with iPhone, winterville nc",8/27/1960,?,winterville nc,Rescan with iPhone,2,,8-27-60-2pgs-tiff,,multiple,1,FALSE
9.60 2pgs.tiff,2026:03:19 14:39:24-04:00,03/19 14:39:24,"Rescan with iPhone, ?, methodist, durham nc",#N/A,Rescan with iPhone,durham nc,"?, methodist",2,,9-60-2pgs-tiff,,multiple,1,FALSE
8.1.60 4pgs.tiff,2026:03:19 16:30:57-04:00,03/19 16:30:57,"bank, lumberton nc",8/1/1960,bank,lumberton nc,,4,,8-1-60-4pgs-tiff,,multiple,1,FALSE
10.20.60 2pgs.tiff,2026:03:19 16:38:55-04:00,03/19 16:38:55,"Rescan with iPhone, ?, Gray, wareham mass",10/20/1960,Rescan with iPhone,wareham mass,"?, Gray",2,,10-20-60-2pgs-tiff,,multiple,1,FALSE
8.23.60 4pgs.tiff,2026:03:19 16:46:33-04:00,03/19 16:46:33,"grace, wareham mass",8/23/1960,grace,wareham mass,,4,,8-23-60-4pgs-tiff,,multiple,1,FALSE
8.19.60 3pgs.tiff,2026:03:19 16:48:34-04:00,03/19 16:48:34,"john boyfriend, Rescan with iPhone, johnski, DUPLICATE NAME, NO COPY OF DUPLICATE",8/19/1960,john boyfriend,NO COPY OF DUPLICATE,"Rescan with iPhone, johnski, DUPLICATE NAME",3,,8-19-60-3pgs-tiff,,multiple,1,FALSE
8.30.60 4pgs.tiff,2026:03:19 16:58:43-04:00,03/19 16:58:43,"Rescan with iPhone, grace, wareham mass",8/30/1960,Rescan with iPhone,wareham mass,grace,4,,8-30-60-4pgs-tiff,,multiple,1,FALSE
4.26.61 3pgs.tiff,2026:03:19 17:07:05-04:00,03/19 17:07:05,"maryette, mount airy nc",4/26/1961,maryette,mount airy nc,,3,,4-26-61-3pgs-tiff,,multiple,1,FALSE
4.16.61 2pgs.tiff,2026:03:19 17:11:21-04:00,03/19 17:11:21,"ben, oklahoma city",4/16/1961,ben,oklahoma city,,2,,4-16-61-2pgs-tiff,,multiple,1,FALSE
3.17.61 9pgs.tiff,2026:03:19 17:19:08-04:00,03/19 17:19:08,"grandmother, manchester ct",3/17/1961,grandmother,manchester ct,,9,,3-17-61-9pgs-tiff,,multiple,1,FALSE
4.7.61 5pgs.tiff,2026:03:19 17:28:50-04:00,03/19 17:28:50,"eva, high point",4/7/1961,eva,high point,,5,,4-7-61-5pgs-tiff,,multiple,1,FALSE
3.1.61 5pgs.tiff,2026:03:22 13:17:10-04:00,03/22 13:17:10,"?, high point",3/1/1961,?,high point,,5,,3-1-61-5pgs-tiff,,multiple,1,FALSE
4.1.61 4pgs.tiff,2026:03:22 13:29:44-04:00,03/22 13:29:44,"katie, winston salem",4/1/1961,katie,winston salem,,4,,4-1-61-4pgs-tiff,,multiple,1,FALSE
bday 2pgs.tiff,2026:03:22 13:32:14-04:00,03/22 13:32:14,"katie, no loc",#N/A,katie,no loc,,2,,bday-2pgs-tiff,,multiple,1,FALSE
4.1.61 2pgs.tiff,2026:03:22 13:36:42-04:00,03/22 13:36:42,"ginny, northboro mass",4/1/1961,ginny,northboro mass,,2,,4-1-61-2pgs-tiff,,multiple,1,FALSE
3.19.61 4pgs.tiff,2026:03:22 13:47:22-04:00,03/22 13:47:22,"grace, high point, susan, rescan with printer",3/19/1961,grace,rescan with printer,"high point, susan",4,,3-19-61-4pgs-tiff,,multiple,1,FALSE
2.20.61 2pgs.tiff,2026:03:22 15:20:02-04:00,03/22 15:20:02,"grandmother gray, DUPLICATE NAME, mobile alabama",2/20/1961,grandmother gray,mobile alabama,DUPLICATE NAME,2,,2-20-61-2pgs-tiff,,multiple,1,FALSE
3.21.61 3pgs.tiff,2026:03:22 15:27:49-04:00,03/22 15:27:49,"grandmother, pensacola",3/21/1961,grandmother,pensacola,,3,,3-21-61-3pgs-tiff,,multiple,1,FALSE
2.20.61 2pgs 2nd.tiff,2026:03:22 15:29:48-04:00,03/22 15:29:48,"grandmother, DUPLICATE NAME, pensacola",2/20/1961,grandmother,pensacola,DUPLICATE NAME,2,,2-20-61-2pgs-2nd-tiff,,multiple,1,FALSE
3.25.61 4pgs.tiff,2026:03:22 17:00:22-04:00,03/22 17:00:22,"ginny, wareham mass, Gray",3/25/1961,ginny,Gray,wareham mass,4,,3-25-61-4pgs-tiff,,multiple,1,FALSE
4.11.61 2pgs.tiff,2026:03:22 17:05:13-04:00,03/22 17:05:13,"edna rose, high point",4/11/1961,edna rose,high point,,2,,4-11-61-2pgs-tiff,,multiple,1,FALSE
4.12.61 2pgs.tiff,2026:03:22 17:24:18-04:00,03/22 17:24:18,"good luck prayer, pewaukee wiss",4/12/1961,good luck prayer,pewaukee wiss,,2,,4-12-61-2pgs-tiff,,multiple,1,FALSE
4.17.61 2pgs.tiff,2026:03:22 17:27:32-04:00,03/22 17:27:32,"sa'mel, ?, pewaukee wiss",4/17/1961,sa'mel,pewaukee wiss,?,2,,4-17-61-2pgs-tiff,,multiple,1,FALSE
4.24.61 4pgs.tiff,2026:03:22 17:34:46-04:00,03/22 17:34:46,"puggy, pembroke",4/24/1961,puggy,pembroke,,4,,4-24-61-4pgs-tiff,,multiple,1,FALSE
3.6.61 1pgs.tiff,2026:03:22 17:38:41-04:00,03/22 17:38:41,"ben, oklahoma city",3/6/1961,ben,oklahoma city,,1,,3-6-61-1pgs-tiff,,,1,FALSE
3.18.60 1pgs.tiff,2026:03:22 17:41:44-04:00,03/22 17:41:44,"Red Springs Schools, red springs",3/18/1960,Red Springs Schools,red springs,,1,,3-18-60-1pgs-tiff,,,1,FALSE
4.12.57 3pgs env.86(32).tiff,2026:03:22 17:52:41-04:00,03/22 17:52:41,"mother, pembroke",4/12/1957,mother,pembroke,,3,86(32),4-12-57-3pgs-env-86-32-tiff,,multiple,1,FALSE
5.3.57 3pgs env.90(36).tiff,2026:03:22 18:08:07-04:00,03/22 18:08:07,"mother, pembroke",5/3/1957,mother,pembroke,,3,90(36),5-3-57-3pgs-env-90-36-tiff,,multiple,1,FALSE
10.8.59 1pgs.tiff,2026:03:23 12:48:31-04:00,03/23 12:48:31,"sylvia, winston salem",10/8/1959,sylvia,winston salem,,1,,10-8-59-1pgs-tiff,,,1,FALSE
5.16.61 2pgs.tiff,2026:03:23 12:52:54-04:00,03/23 12:52:54,"Margaut Lewis, red springs",5/16/1961,Margaut Lewis,red springs,,2,,5-16-61-2pgs-tiff,,multiple,1,FALSE
4.24.61 3pgs.tiff,2026:03:23 12:57:52-04:00,03/23 12:57:52,"Aunt bessie, bessie, manchester ct",4/24/1961,Aunt bessie,manchester ct,bessie,3,,4-24-61-3pgs-tiff,,multiple,1,FALSE
9.16.60 4pgs.tiff,2026:03:23 13:03:35-04:00,03/23 13:03:35,"ginny, springfield mass",9/16/1960,ginny,springfield mass,,4,,9-16-60-4pgs-tiff,,multiple,1,FALSE
5.4.57 2pgs env.91(37).tiff,2026:03:23 13:06:49-04:00,03/23 13:06:49,"mother, pembroke",5/4/1957,mother,pembroke,,2,91(37),5-4-57-2pgs-env-91-37-tiff,,multiple,1,FALSE
5.15.57 2pgs env.93(39).tiff,2026:03:23 13:13:49-04:00,03/23 13:13:49,"mother, pembroke",5/15/1957,mother,pembroke,,2,93(39),5-15-57-2pgs-env-93-39-tiff,,multiple,1,FALSE
5.16.57 2pgs env.94(40).tiff,2026:03:23 13:18:37-04:00,03/23 13:18:37,"mother, pembroke",5/16/1957,mother,pembroke,,2,94(40),5-16-57-2pgs-env-94-40-tiff,,multiple,1,FALSE
4.2.57 1pgs.tiff,2026:03:23 13:22:11-04:00,03/23 13:22:11,"betty gray, high point",4/2/1957,betty gray,high point,,1,,4-2-57-1pgs-tiff,,,1,FALSE
5.22.57 1pgs.tiff,2026:03:23 13:24:52-04:00,03/23 13:24:52,"Misc, high point",5/22/1957,Misc,high point,,1,,5-22-57-1pgs-tiff,,,1,FALSE
5.23.57 1pgs.tiff,2026:03:23 13:28:34-04:00,03/23 13:28:34,"Misc, high point",5/23/1957,Misc,high point,,1,,5-23-57-1pgs-tiff,,,1,FALSE
9.18.56 2pgs env.1 2nd.tiff,2026:03:23 13:34:20-04:00,03/23 13:34:20,"bessie, DUPLICATE NAME, red springs",9/18/1956,bessie,red springs,DUPLICATE NAME,2,1 ,9-18-56-2pgs-env-1-2nd-tiff,,multiple,1,FALSE
10.1.56 1pgs env.2.tiff,2026:03:23 13:45:14-04:00,03/23 13:45:14,"bessie, red springs",10/1/1956,bessie,red springs,,1,2,10-1-56-1pgs-env-2-tiff,,,1,FALSE
2.16.57 1pgs env.4(11).tiff,2026:03:23 13:50:52-04:00,03/23 13:50:52,"bessie, red springs",2/16/1957,bessie,red springs,,1,4(11),2-16-57-1pgs-env-4-11-tiff,,,1,FALSE
3.8.57 3pgs env.5(2) 2nd.tiff,2026:03:23 13:55:00-04:00,03/23 13:55:00,"bessie, DUPLICATE NAME, red springs",3/8/1957,bessie,red springs,DUPLICATE NAME,3,5(2),3-8-57-3pgs-env-5-2-2nd-tiff,,multiple,1,FALSE
4.15.57 1pgs env.6(3).tiff,2026:03:23 13:58:23-04:00,03/23 13:58:23,"bessie, red springs",4/15/1957,bessie,red springs,,1,6(3),4-15-57-1pgs-env-6-3-tiff,,,1,FALSE
11.3.56 5pgs env.1.tiff,2026:03:23 14:05:43-04:00,03/23 14:05:43,"Ruth Haskins, red springs",11/3/1956,Ruth Haskins,red springs,,5,1,11-3-56-5pgs-env-1-tiff,,multiple,1,FALSE
12.1.56 3pgs env.2.tiff,2026:03:23 14:11:51-04:00,03/23 14:11:51,"Ruth Haskins, wakulla nc",12/1/1956,Ruth Haskins,wakulla nc,,3,2,12-1-56-3pgs-env-2-tiff,,multiple,1,FALSE
1.29.57 3pgs env.3(1).tiff,2026:03:23 14:18:44-04:00,03/23 14:18:44,"Ruth Haskins, ruth mcarthur, red springs",1/29/1957,Ruth Haskins,red springs,ruth mcarthur,3,3(1),1-29-57-3pgs-env-3-1-tiff,,multiple,1,FALSE
10.29.59 1pgs.tiff,2026:03:23 14:21:45-04:00,03/23 14:21:45,"carol, pembroke",10/29/1959,carol,pembroke,,1,,10-29-59-1pgs-tiff,,,1,FALSE
nanniephoto.jpeg,2026:03:23 14:32:13-04:00,03/23 14:32:13,"Misc, photo, no loc",#N/A,Misc,no loc,photo,#N/A,,nanniephoto-jpeg,,#N/A,1,FALSE
application 7pgs.tiff,2026:03:23 14:41:36-04:00,03/23 14:41:36,"Misc, no loc",#N/A,Misc,no loc,,7,,application-7pgs-tiff,,multiple,1,FALSE
5.1.57 3pgs env.89(35).tiff,2026:03:23 14:45:41-04:00,03/23 14:45:41,"mother, DUPLICATE NAME, no loc",5/1/1957,mother,no loc,DUPLICATE NAME,3,89(35),5-1-57-3pgs-env-89-35-tiff,,multiple,1,FALSE
5.1.57 3pgs 2nd env.88(34).tiff,2026:03:23 14:50:56-04:00,03/23 14:50:56,"mother, DUPLICATE NAME, no loc",5/1/1957,mother,no loc,DUPLICATE NAME,3,88(34),5-1-57-3pgs-2nd-env-88-34-tiff,,multiple,1,FALSE
10.19.56 3pgs env.18.tiff,2026:03:23 14:55:55-04:00,03/23 14:55:55,mother,10/19/1956,mother,mother,,3,18,10-19-56-3pgs-env-18-tiff,,multiple,1,FALSE
4.27.57 1pgs.tiff,2026:03:23 14:58:45-04:00,03/23 14:58:45,"mother, postcard, myrtle beach sc",4/27/1957,mother,myrtle beach sc,postcard,1,,4-27-57-1pgs-tiff,,,1,FALSE
2.11.57 3pgs env.4(2).tiff,2026:03:23 15:05:47-04:00,03/23 15:05:47,"ruth, no loc",2/11/1957,ruth,no loc,,3,4(2),2-11-57-3pgs-env-4-2-tiff,,multiple,1,FALSE
4.2.57 3pgs env.5(3).tiff,2026:03:23 15:12:31-04:00,03/23 15:12:31,"ruth, red springs",4/2/1957,ruth,red springs,,3,5(3),4-2-57-3pgs-env-5-3-tiff,,multiple,1,FALSE
10.18.56 1pgs env.1.tiff,2026:03:23 15:15:24-04:00,03/23 15:15:24,"nancy, orrum nc",10/18/1956,nancy,orrum nc,,1,1,10-18-56-1pgs-env-1-tiff,,,1,FALSE
11.1.56 1pgs env.2.tiff,2026:03:23 15:18:12-04:00,03/23 15:18:12,"nancy, orrum nc",11/1/1956,nancy,orrum nc,,1,2,11-1-56-1pgs-env-2-tiff,,,1,FALSE
11.10.56 2pgs env.3.tiff,2026:03:23 15:26:45-04:00,03/23 15:26:45,"nancy, orrum nc",11/10/1956,nancy,orrum nc,,2,3,11-10-56-2pgs-env-3-tiff,,multiple,1,FALSE
12.12.56 2pgs env.4.tiff,2026:03:23 15:58:28-04:00,03/23 15:58:28,"nancy, orrum nc",12/12/1956,nancy,orrum nc,,2,4,12-12-56-2pgs-env-4-tiff,,multiple,1,FALSE
1.16.57 2pgs env.5.tiff,2026:03:23 16:01:40-04:00,03/23 16:01:40,"nancy, orrum nc",1/16/1957,nancy,orrum nc,,2,5,1-16-57-2pgs-env-5-tiff,,multiple,1,FALSE
4.15.57 2pgs env.6(1).tiff,2026:03:23 16:04:45-04:00,03/23 16:04:45,"nancy, orrum nc",4/15/1957,nancy,orrum nc,,2,6(1),4-15-57-2pgs-env-6-1-tiff,,multiple,1,FALSE
4.25.57 2pgs env.7(2).tiff,2026:03:23 16:07:42-04:00,03/23 16:07:42,"nancy, orrum nc",4/25/1957,nancy,orrum nc,,2,7(2),4-25-57-2pgs-env-7-2-tiff,,multiple,1,FALSE
5.14.57 2pgs env.92(38).tiff,2026:03:23 16:09:25-04:00,03/23 16:09:25,"mother, pembroke",5/14/1957,mother,pembroke,,2,92(38),5-14-57-2pgs-env-92-38-tiff,,multiple,1,FALSE
5.14.57 2pgs 2nd env.8(3).tiff,2026:03:23 16:12:27-04:00,03/23 16:12:27,"nancy, DUPLICATE NAME, orrum nc",5/14/1957,nancy,orrum nc,DUPLICATE NAME,2,8(3),5-14-57-2pgs-2nd-env-8-3-tiff,,multiple,1,FALSE
10.25.56 3pgs env.3.tiff,2026:03:23 16:15:38-04:00,03/23 16:15:38,"bessie, DUPLICATE NAME, red springs",10/25/1956,bessie,red springs,DUPLICATE NAME,3,3,10-25-56-3pgs-env-3-tiff,,multiple,1,FALSE
10.25.56 3pgs 2nd env.1.tiff,2026:03:23 16:19:32-04:00,03/23 16:19:32,"kay, DUPLICATE NAME, red springs",10/25/1956,kay,red springs,DUPLICATE NAME,3,1,10-25-56-3pgs-2nd-env-1-tiff,,multiple,1,FALSE
5.13.57 3pgs env.2(1).tiff,2026:03:23 16:23:28-04:00,03/23 16:23:28,"kay, Gray, red springs",5/13/1957,kay,red springs,Gray,3,2(1),5-13-57-3pgs-env-2-1-tiff,,multiple,1,FALSE
11.15.56 1pgs env.2.tiff,2026:03:23 16:30:30-04:00,03/23 16:30:30,"brenda, red springs",11/15/1956,brenda,red springs,,1,2,11-15-56-1pgs-env-2-tiff,,,1,FALSE
2.22.57 1pgs env.3(1).tiff,2026:03:23 16:33:05-04:00,03/23 16:33:05,"brenda, red springs",2/22/1957,brenda,red springs,,1,3(1),2-22-57-1pgs-env-3-1-tiff,,,1,FALSE
9.21.56 3pgs env.2.tiff,2026:03:23 16:41:59-04:00,03/23 16:41:59,"Haskins, elizabethtown nc",9/21/1956,Haskins,elizabethtown nc,,3,2,9-21-56-3pgs-env-2-tiff,,multiple,1,FALSE
5.14.57 1pgs env.4(2).tiff,2026:03:23 16:45:46-04:00,03/23 16:45:46,"brenda, red springs",5/14/1957,brenda,red springs,,1,4(2),5-14-57-1pgs-env-4-2-tiff,,,1,FALSE
2.7.57 3pgs env.16(1).tiff,2026:03:24 14:23:58-04:00,03/24 14:23:58,"ruby haskins, Haskins, elizabethtown nc",2/7/1957,ruby haskins,elizabethtown nc,Haskins,3,16(1),2-7-57-3pgs-env-16-1-tiff,,multiple,1,FALSE
1.15.57 8pgs env.15.tiff,2026:03:24 14:35:41-04:00,03/24 14:35:41,"ruby haskins, elizabethtown nc",1/15/1957,ruby haskins,elizabethtown nc,,8,15,1-15-57-8pgs-env-15-tiff,,multiple,1,FALSE
10.11.56 5pgs env.5.tiff,2026:03:24 14:43:50-04:00,03/24 14:43:50,"ruby haskins, elizabethtown nc",10/11/1956,ruby haskins,elizabethtown nc,,5,5,10-11-56-5pgs-env-5-tiff,,multiple,1,FALSE
10.24.56 1pgs env.6.tiff,2026:03:24 14:46:44-04:00,03/24 14:46:44,"ruby haskins, elizabethtown nc",10/24/1956,ruby haskins,elizabethtown nc,,1,6,10-24-56-1pgs-env-6-tiff,,,1,FALSE
10.30.56 2pgs env.7.tiff,2026:03:24 14:50:23-04:00,03/24 14:50:23,"ruby haskins, elizabethtown nc",10/30/1956,ruby haskins,elizabethtown nc,,2,7,10-30-56-2pgs-env-7-tiff,,multiple,1,FALSE
11.13.56 2pgs env.8.tiff,2026:03:24 14:54:29-04:00,03/24 14:54:29,"ruby haskins, elizabethtown nc",11/13/1956,ruby haskins,elizabethtown nc,,2,8,11-13-56-2pgs-env-8-tiff,,multiple,1,FALSE
11.21.56 7pgs env.9.tiff,2026:03:24 15:10:07-04:00,03/24 15:10:07,"ruby haskins, elizabethtown nc",11/21/1956,ruby haskins,elizabethtown nc,,7,9,11-21-56-7pgs-env-9-tiff,,multiple,1,FALSE
12.6.56 2pgs env.10.tiff,2026:03:24 15:16:35-04:00,03/24 15:16:35,"ruby haskins, elizabethtown nc",12/6/1956,ruby haskins,elizabethtown nc,,2,10,12-6-56-2pgs-env-10-tiff,,multiple,1,FALSE
12.6.56 5pgs env.11.tiff,2026:03:24 15:23:25-04:00,03/24 15:23:25,"ruby haskins, elizabethtown nc",12/6/1956,ruby haskins,elizabethtown nc,,5,11,12-6-56-5pgs-env-11-tiff,,multiple,1,FALSE
12.12.56 3pgs env.12.tiff,2026:03:24 15:28:00-04:00,03/24 15:28:00,"ruby haskins, elizabethtown nc",12/12/1956,ruby haskins,elizabethtown nc,,3,12,12-12-56-3pgs-env-12-tiff,,multiple,1,FALSE
12.13.56 2pgs env.13.tiff,2026:03:24 15:46:24-04:00,03/24 15:46:24,"ruby haskins, elizabethtown nc",12/13/1956,ruby haskins,elizabethtown nc,,2,13,12-13-56-2pgs-env-13-tiff,,multiple,1,FALSE
1.10.57 1pgs env.14.tiff,2026:03:24 15:49:00-04:00,03/24 15:49:00,"ruby haskins, elizabethtown nc",1/10/1957,ruby haskins,elizabethtown nc,,1,14,1-10-57-1pgs-env-14-tiff,,,1,FALSE
10.2.56 4pgs env.3.tiff,2026:03:24 15:54:23-04:00,03/24 15:54:23,"ruby haskins, elizabethtown nc",10/2/1956,ruby haskins,elizabethtown nc,,4,3,10-2-56-4pgs-env-3-tiff,,multiple,1,FALSE
10.5.56 1pgs env.4.tiff,2026:03:24 15:57:06-04:00,03/24 15:57:06,"ruby haskins, elizabethtown nc",10/5/1956,ruby haskins,elizabethtown nc,,1,4,10-5-56-1pgs-env-4-tiff,,,1,FALSE
5.20.57 1pgs.tiff,2026:03:24 16:04:21-04:00,03/24 16:04:21,"betty gray, no loc",5/20/1957,betty gray,no loc,,1,,5-20-57-1pgs-tiff,,,1,FALSE
8.20.54 5pgs.tiff,2026:03:24 16:12:30-04:00,03/24 16:12:30,"anne, red springs",8/20/1954,anne,red springs,,5,,8-20-54-5pgs-tiff,,multiple,1,FALSE
8.25.54 4pgs.tiff,2026:03:24 16:18:57-04:00,03/24 16:18:57,"anne, red springs",8/25/1954,anne,red springs,,4,,8-25-54-4pgs-tiff,,multiple,1,FALSE
8.25.54 2pgs.tiff,2026:03:24 16:24:52-04:00,03/24 16:24:52,"charlotte, red springs",8/25/1954,charlotte,red springs,,2,,8-25-54-2pgs-tiff,,multiple,1,FALSE
8.23.54 2pgs.tiff,2026:03:24 16:28:10-04:00,03/24 16:28:10,"rosie, pembroke",8/23/1954,rosie,pembroke,,2,,8-23-54-2pgs-tiff,,multiple,1,FALSE
10.11.51 2pgs.tiff,2026:03:24 16:36:04-04:00,03/24 16:36:04,"jean, jackson alabama",10/11/1951,jean,jackson alabama,,2,,10-11-51-2pgs-tiff,,multiple,1,FALSE
1.29.52 1pgs.tiff,2026:03:24 16:43:21-04:00,03/24 16:43:21,"Misc, camp, tryon nc",1/29/1952,Misc,tryon nc,camp,1,,1-29-52-1pgs-tiff,,,1,FALSE
7.11.52 3pgs.tiff,2026:03:24 16:47:53-04:00,03/24 16:47:53,"jean, jackson alabama",7/11/1952,jean,jackson alabama,,3,,7-11-52-3pgs-tiff,,multiple,1,FALSE
12.29.51 1pgs.tiff,2026:03:24 16:50:49-04:00,03/24 16:50:49,"nancy, nancy craig, wilmington nc",12/29/1951,nancy,wilmington nc,nancy craig,1,,12-29-51-1pgs-tiff,,,1,FALSE
unknown 1951 2pgs.tiff,2026:03:24 16:55:06-04:00,03/24 16:55:06,"mrs tyner, no loc",#N/A,mrs tyner,no loc,,2,,unknown-1951-2pgs-tiff,,multiple,1,FALSE
11.25.50.tiff,2026:03:24 17:01:17-04:00,03/24 17:01:17,"elaine, bedford iowa",11/25/1950,elaine,bedford iowa,,#N/A,,11-25-50-tiff,,#N/A,1,FALSE
9.28.51 1pgs.tiff,2026:03:24 17:03:43-04:00,03/24 17:03:43,"carol baker, akron ohio",9/28/1951,carol baker,akron ohio,,1,,9-28-51-1pgs-tiff,,,1,FALSE
unknown 1953 1pgs.tiff,2026:03:24 17:07:46-04:00,03/24 17:07:46,"mother, miami fl",#N/A,mother,miami fl,,1,,unknown-1953-1pgs-tiff,,,1,FALSE
1.31.50 3pgs.tiff,2026:03:25 10:41:48-04:00,03/25 10:41:48,"mary catherine, wilmington nc",1/31/1950,mary catherine,wilmington nc,,3,,1-31-50-3pgs-tiff,,multiple,1,FALSE
8.2.51 3pgs.tiff,2026:03:25 10:46:52-04:00,03/25 10:46:52,"nancy, wilmington nc",8/2/1951,nancy,wilmington nc,,3,,8-2-51-3pgs-tiff,,multiple,1,FALSE
unknown. likely 50-52 2pgs.tiff,2026:03:25 10:49:17-04:00,03/25 10:49:17,"nelly white, no loc",#N/A,nelly white,no loc,,2,,unknown-likely-50-52-2pgs-tiff,,multiple,1,FALSE
3.7.52 2pgs.tiff,2026:03:25 10:53:17-04:00,03/25 10:53:17,"nancy, wilmington nc",3/7/1952,nancy,wilmington nc,,2,,3-7-52-2pgs-tiff,,multiple,1,FALSE
11.3.51 2pgs.tiff,2026:03:25 10:57:08-04:00,03/25 10:57:08,"patty, olean ny",11/3/1951,patty,olean ny,,2,,11-3-51-2pgs-tiff,,multiple,1,FALSE
9.4.54 3pgs.tiff,2026:03:25 11:05:15-04:00,03/25 11:05:15,"joanne, elizabethtown nc",9/4/1954,joanne,elizabethtown nc,,3,,9-4-54-3pgs-tiff,,multiple,1,FALSE
friend bios 2pgs.tiff,2026:03:25 11:07:12-04:00,03/25 11:07:12,"Misc, no loc",#N/A,Misc,no loc,,2,,friend-bios-2pgs-tiff,,multiple,1,FALSE
7.23.51 2pgs.tiff,2026:03:25 11:10:41-04:00,03/25 11:10:41,"nancy craig, nancy, rocky point nc, wilmington nc",7/23/1951,nancy craig,wilmington nc,"nancy, rocky point nc",2,,7-23-51-2pgs-tiff,,multiple,1,FALSE
8.12.53 2pgs.tiff,2026:03:25 11:15:44-04:00,03/25 11:15:44,"rosie, pembroke",8/12/1953,rosie,pembroke,,2,,8-12-53-2pgs-tiff,,multiple,1,FALSE
7.9.52 1pgs.tiff,2026:03:25 11:21:56-04:00,03/25 11:21:56,"francis ann, pembroke",7/9/1952,francis ann,pembroke,,1,,7-9-52-1pgs-tiff,,,1,FALSE
7.25.53 2pgs.tiff,2026:03:25 11:25:05-04:00,03/25 11:25:05,"thelma, boone nc",7/25/1953,thelma,boone nc,,2,,7-25-53-2pgs-tiff,,multiple,1,FALSE
8.6.53 2pgs.tiff,2026:03:25 11:29:31-04:00,03/25 11:29:31,"francis ann, pembroke",8/6/1953,francis ann,pembroke,,2,,8-6-53-2pgs-tiff,,multiple,1,FALSE
8.3.53 2pgs.tiff,2026:03:25 11:37:19-04:00,03/25 11:37:19,"caroline, DUPLICATE NAME, red springs",8/3/1953,caroline,red springs,DUPLICATE NAME,2,,8-3-53-2pgs-tiff,,multiple,1,FALSE
8.3.53 2pgs 2nd.tiff,2026:03:25 11:42:05-04:00,03/25 11:42:05,"anne, anne dodenheim, DUPLICATE NAME, red springs",8/3/1953,anne,red springs,"anne dodenheim, DUPLICATE NAME",2,,8-3-53-2pgs-2nd-tiff,,multiple,1,FALSE
8.2.53 3pgs.tiff,2026:03:25 11:46:51-04:00,03/25 11:46:51,"anne, red springs",8/2/1953,anne,red springs,,3,,8-2-53-3pgs-tiff,,multiple,1,FALSE
7.6.53 2pgs.tiff,2026:03:25 11:50:30-04:00,03/25 11:50:30,"anne, myrtle beach sc",7/6/1953,anne,myrtle beach sc,,2,,7-6-53-2pgs-tiff,,multiple,1,FALSE
6.11.53 3pgs.tiff,2026:03:25 12:07:46-04:00,03/25 12:07:46,"thelma, DUPLICATE NAME, boone nc",6/11/1953,thelma,boone nc,DUPLICATE NAME,3,,6-11-53-3pgs-tiff,,multiple,1,FALSE
8.13.53 2pgs.tiff,2026:03:25 12:24:01-04:00,03/25 12:24:01,"francis ann, pembroke",8/13/1953,francis ann,pembroke,,2,,8-13-53-2pgs-tiff,,multiple,1,FALSE
9.2.52 2pgs.tiff,2026:03:26 09:18:05-04:00,03/26 09:18:05,"Misc, red springs",9/2/1952,Misc,red springs,,2,,9-2-52-2pgs-tiff,,multiple,1,FALSE
5.7.53 3pgs.tiff,2026:03:26 09:29:01-04:00,03/26 09:29:01,"nancy, wilmington nc",5/7/1953,nancy,wilmington nc,,3,,5-7-53-3pgs-tiff,,multiple,1,FALSE
6.30.53 2pgs.tiff,2026:03:26 09:31:21-04:00,03/26 09:31:21,"charlotte, red springs",6/30/1953,charlotte,red springs,,2,,6-30-53-2pgs-tiff,,multiple,1,FALSE
6.19.53 2pgs.tiff,2026:03:26 09:36:03-04:00,03/26 09:36:03,"charlotte, red springs",6/19/1953,charlotte,red springs,,2,,6-19-53-2pgs-tiff,,multiple,1,FALSE
6.4.53 2pgs.tiff,2026:03:26 09:43:31-04:00,03/26 09:43:31,ruth,6/4/1953,ruth,ruth,,2,,6-4-53-2pgs-tiff,,multiple,1,FALSE
11.3.49 1pgs.tiff,2026:03:26 09:46:02-04:00,03/26 09:46:02,"Misc, philadelphia",11/3/1949,Misc,philadelphia,,1,,11-3-49-1pgs-tiff,,,1,FALSE
6.20.53 2pgs.tiff,2026:03:26 09:48:54-04:00,03/26 09:48:54,"carolyne, DUPLICATE NAME, red springs",6/20/1953,carolyne,red springs,DUPLICATE NAME,2,,6-20-53-2pgs-tiff,,multiple,1,FALSE
6.20.53 2pgs 2nd.tiff,2026:03:26 09:53:48-04:00,03/26 09:53:48,"caroline, DUPLICATE NAME, red springs",6/20/1953,caroline,red springs,DUPLICATE NAME,2,,6-20-53-2pgs-2nd-tiff,,multiple,1,FALSE
7.18.53 2pgs.tiff,2026:03:26 09:57:30-04:00,03/26 09:57:30,"anne, red springs",7/18/1953,anne,red springs,,2,,7-18-53-2pgs-tiff,,multiple,1,FALSE
6.6.53 1pgs.tiff,2026:03:26 10:01:41-04:00,03/26 10:01:41,"mother, pembroke",6/6/1953,mother,pembroke,,1,,6-6-53-1pgs-tiff,,,1,FALSE
6.22.53 2pgs.tiff,2026:03:26 10:32:25-04:00,03/26 10:32:25,"thelma, boone nc",6/22/1953,thelma,boone nc,,2,,6-22-53-2pgs-tiff,,multiple,1,FALSE
6.25.53 2pgs.tiff,2026:03:26 10:35:30-04:00,03/26 10:35:30,"anne, DUPLICATE NAME, red springs",6/25/1953,anne,red springs,DUPLICATE NAME,2,,6-25-53-2pgs-tiff,,multiple,1,FALSE
6.25.53 2pgs 2nd.tiff,2026:03:26 10:40:13-04:00,03/26 10:40:13,"charlotte, DUPLICATE NAME, holden beach nc",6/25/1953,charlotte,holden beach nc,DUPLICATE NAME,2,,6-25-53-2pgs-2nd-tiff,,multiple,1,FALSE
6.11.53 2pgs 2nd .tiff,2026:03:26 10:49:37-04:00,03/26 10:49:37,"thelma, DUPLICATE NAME, boone nc",6/11/1953,thelma,boone nc,DUPLICATE NAME,2,,6-11-53-2pgs-2nd-tiff,,multiple,1,FALSE
6.9.53 4pgs.tiff,2026:03:26 10:54:24-04:00,03/26 10:54:24,"francis ann, pembroke",6/9/1953,francis ann,pembroke,,4,,6-9-53-4pgs-tiff,,multiple,1,FALSE
12.14.? 10pgs.tiff,2026:03:26 11:08:25-04:00,03/26 11:08:25,"penpals, miyagi japan",#N/A,penpals,miyagi japan,,10,,12-14-10pgs-tiff,,multiple,1,FALSE
japan photo.jpeg,2026:03:26 11:10:54-04:00,03/26 11:10:54,"Misc, photo, no loc, Gray",#N/A,Misc,Gray,"photo, no loc",#N/A,,japan-photo-jpeg,,#N/A,1,FALSE
movies empty envelope.tiff,2026:03:26 11:17:57-04:00,03/26 11:17:57,"Misc, culver city cali",#N/A,Misc,culver city cali,,#N/A,,movies-empty-envelope-tiff,,#N/A,1,FALSE
4.27.54 15pgs.tiff,2026:03:26 11:33:51-04:00,03/26 11:33:51,"graduation, pembroke",4/27/1954,graduation,pembroke,,15,,4-27-54-15pgs-tiff,,multiple,1,FALSE
8.19.54 3pgs.tiff,2026:03:26 11:41:37-04:00,03/26 11:41:37,"francis ann, frances ann, no loc",8/19/1954,francis ann,no loc,frances ann,3,,8-19-54-3pgs-tiff,,multiple,1,FALSE
no date 2pgs.tiff,2026:03:26 11:46:24-04:00,03/26 11:46:24,"kilpatrick, no loc",#N/A,kilpatrick,no loc,,2,,no-date-2pgs-tiff,,multiple,1,FALSE
1.6.56 empty envelope.tiff,2026:03:26 11:47:47-04:00,03/26 11:47:47,"Misc, red springs",1/6/1956,Misc,red springs,,#N/A,,1-6-56-empty-envelope-tiff,,#N/A,1,FALSE
wingate college 2pgs.tiff,2026:03:26 11:50:15-04:00,03/26 11:50:15,"graduation, no loc",#N/A,graduation,no loc,,2,,wingate-college-2pgs-tiff,,multiple,1,FALSE
5.23.55 2pgs.tiff,2026:03:26 11:53:36-04:00,03/26 11:53:36,"graduation, red springs",5/23/1955,graduation,red springs,,2,,5-23-55-2pgs-tiff,,multiple,1,FALSE
1.5.54 2pgs.tiff,2026:03:26 11:58:14-04:00,03/26 11:58:14,"nancy, wilmington nc",1/5/1954,nancy,wilmington nc,,2,,1-5-54-2pgs-tiff,,multiple,1,FALSE
2.25.54 2pgs.tiff,2026:03:26 12:04:21-04:00,03/26 12:04:21,"thelma, anderson sc",2/25/1954,thelma,anderson sc,,2,,2-25-54-2pgs-tiff,,multiple,1,FALSE
cf vigor high school 2pgs.tiff,2026:03:26 12:07:14-04:00,03/26 12:07:14,"graduation, no loc",#N/A,graduation,no loc,,2,,cf-vigor-high-school-2pgs-tiff,,multiple,1,FALSE
rs high school 2pgs.tiff,2026:03:26 12:08:52-04:00,03/26 12:08:52,"francis ann, graduation, no loc",#N/A,francis ann,no loc,graduation,2,,rs-high-school-2pgs-tiff,,multiple,1,FALSE
high school 2pgs.tiff,2026:03:26 12:10:39-04:00,03/26 12:10:39,"graduation, no loc",#N/A,graduation,no loc,,2,,high-school-2pgs-tiff,,multiple,1,FALSE
12.26.50 1pgs.tiff,2026:03:26 12:12:46-04:00,03/26 12:12:46,"fats, DUPLICATE NAME, chicago",12/26/1950,fats,chicago,DUPLICATE NAME,1,,12-26-50-1pgs-tiff,,,1,FALSE
12.26.50 1pgs 2nd.tiff,2026:03:26 12:30:50-04:00,03/26 12:30:50,"anne, DUPLICATE NAME, red springs",12/26/1950,anne,red springs,DUPLICATE NAME,1,,12-26-50-1pgs-2nd-tiff,,,1,FALSE
birthday 1pgs.tiff,2026:03:26 12:33:22-04:00,03/26 12:33:22,"Misc, no loc",#N/A,Misc,no loc,,1,,birthday-1pgs-tiff,,,1,FALSE
camp 4pgs.tiff,2026:03:26 12:39:12-04:00,03/26 12:39:12,"Misc, camp, hendersonville nc, Gray",#N/A,Misc,Gray,"camp, hendersonville nc",4,,camp-4pgs-tiff,,multiple,1,FALSE
8.8.54 2pgs.tiff,2026:03:26 12:42:29-04:00,03/26 12:42:29,"nancy, wilmington nc",8/8/1954,nancy,wilmington nc,,2,,8-8-54-2pgs-tiff,,multiple,1,FALSE
9.16.54 3pgs.tiff,2026:03:26 12:46:34-04:00,03/26 12:46:34,"joanne, elizabethtown nc",9/16/1954,joanne,elizabethtown nc,,3,,9-16-54-3pgs-tiff,,multiple,1,FALSE
no envelope 2pgs.tiff,2026:03:26 12:48:22-04:00,03/26 12:48:22,"mother, no loc",#N/A,mother,no loc,,2,,no-envelope-2pgs-tiff,,multiple,1,FALSE
7.19.54 1pgs.tiff,2026:03:27 20:14:53-04:00,03/27 20:14:53,"mrs adams, red springs",7/19/1954,mrs adams,red springs,,1,,7-19-54-1pgs-tiff,,,1,FALSE
6.13.54 2pgs.tiff,2026:03:27 20:23:02-04:00,03/27 20:23:02,"beth, pembroke",6/13/1954,beth,pembroke,,2,,6-13-54-2pgs-tiff,,multiple,1,FALSE
7.9.54 2pgs.tiff,2026:03:27 20:25:35-04:00,03/27 20:25:35,"beth, pembroke",7/9/1954,beth,pembroke,,2,,7-9-54-2pgs-tiff,,multiple,1,FALSE
7.3.54 2pgs.tiff,2026:03:27 20:28:18-04:00,03/27 20:28:18,"ruth, wakulla nc",7/3/1954,ruth,wakulla nc,,2,,7-3-54-2pgs-tiff,,multiple,1,FALSE
8.4.54 2pgs.tiff,2026:03:27 20:31:22-04:00,03/27 20:31:22,"?, wakulla nc",8/4/1954,?,wakulla nc,,2,,8-4-54-2pgs-tiff,,multiple,1,FALSE
8.3.54 2pgs.tiff,2026:03:27 20:34:21-04:00,03/27 20:34:21,"charlotte, red springs",8/3/1954,charlotte,red springs,,2,,8-3-54-2pgs-tiff,,multiple,1,FALSE
7.26.54 3pgs.tiff,2026:03:27 20:40:26-04:00,03/27 20:40:26,"george, pensacola",7/26/1954,george,pensacola,,3,,7-26-54-3pgs-tiff,,multiple,1,FALSE
8.20.54 2pgs.tiff,2026:03:27 20:42:58-04:00,03/27 20:42:58,miss adams,8/20/1954,miss adams,miss adams,,2,,8-20-54-2pgs-tiff,,multiple,1,FALSE
8.20.54 2pgs 2nd.tiff,2026:03:27 20:45:19-04:00,03/27 20:45:19,"mother, DUPLICATE NAME, pensacola",8/20/1954,mother,pensacola,DUPLICATE NAME,2,,8-20-54-2pgs-2nd-tiff,,multiple,1,FALSE
6.9.53 2pgs.tiff,2026:03:27 20:48:58-04:00,03/27 20:48:58,"carolyne, pembroke",6/9/1953,carolyne,pembroke,,2,,6-9-53-2pgs-tiff,,multiple,1,FALSE
6.2.53 2pgs.tiff,2026:03:27 20:51:53-04:00,03/27 20:51:53,"francis ann, pembroke",6/2/1953,francis ann,pembroke,,2,,6-2-53-2pgs-tiff,,multiple,1,FALSE
7.24.53 3pgs.tiff,2026:03:27 20:55:54-04:00,03/27 20:55:54,"francis ann, pembroke",7/24/1953,francis ann,pembroke,,3,,7-24-53-3pgs-tiff,,multiple,1,FALSE
7.23.53 2pgs.tiff,2026:03:27 21:01:10-04:00,03/27 21:01:10,"caroline, red springs",7/23/1953,caroline,red springs,,2,,7-23-53-2pgs-tiff,,multiple,1,FALSE
9.3.52 5pgs.tiff,2026:03:27 21:10:16-04:00,03/27 21:10:16,"carol, carol baker, akron ohio",9/3/1952,carol,akron ohio,carol baker,5,,9-3-52-5pgs-tiff,,multiple,1,FALSE
6.1.53 2pgs.tiff,2026:03:27 21:12:15-04:00,03/27 21:12:15,"aunt norma, hattesburg miss",6/1/1953,aunt norma,hattesburg miss,,2,,6-1-53-2pgs-tiff,,multiple,1,FALSE
7.21.53 2pgs.tiff,2026:03:27 21:15:49-04:00,03/27 21:15:49,"charlotte, red springs",7/21/1953,charlotte,red springs,,2,,7-21-53-2pgs-tiff,,multiple,1,FALSE
1.9.53 12pgs cuba.tiff,2026:03:27 21:28:06-04:00,03/27 21:28:06,"mother, habana cuba",1/9/1953,mother,habana cuba,,12,,1-9-53-12pgs-cuba-tiff,,multiple,1,FALSE
2nd letter from japan 3pgs 9.26.51.tiff,2026:03:27 21:39:02-04:00,03/27 21:39:02,"penpals, miyagi japan",#N/A,penpals,miyagi japan,,3,,2nd-letter-from-japan-3pgs-9-26-51-tiff,,multiple,1,FALSE
3.26.56 3pgs.tiff,2026:03:28 10:40:36-04:00,03/28 10:40:36,"charles wake forest, wake forest nc",3/26/1956,charles wake forest,wake forest nc,,3,,3-26-56-3pgs-tiff,,multiple,1,FALSE
3.26.56 4pgs.jpeg,2026:03:28 10:42:53-04:00,03/28 10:42:53,"Misc, photo, no loc",3/26/1956,Misc,no loc,photo,4,,3-26-56-4pgs-jpeg,,multiple,1,FALSE
4.14.56 1pgs.tiff,2026:03:28 10:46:51-04:00,03/28 10:46:51,"grandmother, asheville nc",4/14/1956,grandmother,asheville nc,,1,,4-14-56-1pgs-tiff,,,1,FALSE
6.11.53 2pgs.tiff,2026:03:28 10:51:23-04:00,03/28 10:51:23,"edna rose, DUPLICATE NAME, NO COPY OF DUPLICATE, pembroke",6/11/1953,edna rose,pembroke,"DUPLICATE NAME, NO COPY OF DUPLICATE",2,,6-11-53-2pgs-tiff,,multiple,1,FALSE
6.11.53 2pgs 3rd.tiff,2026:03:28 10:53:49-04:00,03/28 10:53:49,"penpals, DUPLICATE NAME, arrington kansas",6/11/1953,penpals,arrington kansas,DUPLICATE NAME,2,,6-11-53-2pgs-3rd-tiff,,multiple,1,FALSE
6.8.53 2pgs.tiff,2026:03:28 10:57:02-04:00,03/28 10:57:02,"caroline, red springs",6/8/1953,caroline,red springs,,2,,6-8-53-2pgs-tiff,,multiple,1,FALSE
7.9.53 2pgs.tiff,2026:03:28 11:02:15-04:00,03/28 11:02:15,"francis ann, pembroke",7/9/1953,francis ann,pembroke,,2,,7-9-53-2pgs-tiff,,multiple,1,FALSE
no date 1pgs 3rd.tiff,2026:03:28 11:05:35-04:00,03/28 11:05:35,"francis ann, no loc",#N/A,francis ann,no loc,,1,,no-date-1pgs-3rd-tiff,,,1,FALSE
6.5.53 2pgs.tiff,2026:03:28 11:08:22-04:00,03/28 11:08:22,"beth, pembroke",6/5/1953,beth,pembroke,,2,,6-5-53-2pgs-tiff,,multiple,1,FALSE
3.22.54 2pgs.tiff,2026:03:28 11:11:22-04:00,03/28 11:11:22,"nancy, wilmington nc",3/22/1954,nancy,wilmington nc,,2,,3-22-54-2pgs-tiff,,multiple,1,FALSE
6.23.53 2pgs.tiff,2026:03:28 11:15:18-04:00,03/28 11:15:18,"ruth mcarthur, wakulia nc",6/23/1953,ruth mcarthur,wakulia nc,,2,,6-23-53-2pgs-tiff,,multiple,1,FALSE
6.10.54 6pgs.tiff,2026:03:28 11:26:49-04:00,03/28 11:26:49,"annie p, red springs",6/10/1954,annie p,red springs,,6,,6-10-54-6pgs-tiff,,multiple,1,FALSE
6.15.54 4pgs.tiff,2026:03:28 11:31:15-04:00,03/28 11:31:15,"anne, red springs",6/15/1954,anne,red springs,,4,,6-15-54-4pgs-tiff,,multiple,1,FALSE
8.7.54 2pgs.tiff,2026:03:28 11:34:13-04:00,03/28 11:34:13,"bessie, red springs",8/7/1954,bessie,red springs,,2,,8-7-54-2pgs-tiff,,multiple,1,FALSE
6.8.54 2pgs.tiff,2026:03:28 11:35:53-04:00,03/28 11:35:53,"beth, DUPLICATE NAME, pembroke",6/8/1954,beth,pembroke,DUPLICATE NAME,2,,6-8-54-2pgs-tiff,,multiple,1,FALSE
6.8.54 2pgs 2nd.tiff,2026:03:28 11:38:05-04:00,03/28 11:38:05,"francis ann, DUPLICATE NAME, pembroke",6/8/1954,francis ann,pembroke,DUPLICATE NAME,2,,6-8-54-2pgs-2nd-tiff,,multiple,1,FALSE
6.16.54 2pgs.tiff,2026:03:28 11:41:23-04:00,03/28 11:41:23,"francis ann, pembroke",6/16/1954,francis ann,pembroke,,2,,6-16-54-2pgs-tiff,,multiple,1,FALSE
6.15.54 1pgs.tiff,2026:03:28 11:44:43-04:00,03/28 11:44:43,"prayer, pembroke",6/15/1954,prayer,pembroke,,1,,6-15-54-1pgs-tiff,,,1,FALSE
7.13.54 4pgs.tiff,2026:03:28 11:51:07-04:00,03/28 11:51:07,"francis ann, pembroke",7/13/1954,francis ann,pembroke,,4,,7-13-54-4pgs-tiff,,multiple,1,FALSE
1.16.56 2pgs.tiff,2026:03:28 15:18:23-04:00,03/28 15:18:23,"charles wake forest, wake forest nc",1/16/1956,charles wake forest,wake forest nc,,2,,1-16-56-2pgs-tiff,,multiple,1,FALSE
7.21.56 1pgs.tiff,2026:03:28 15:20:22-04:00,03/28 15:20:22,"francis ann, barnardsville",7/21/1956,francis ann,barnardsville,,1,,7-21-56-1pgs-tiff,,,1,FALSE
7.19.56 1pgs.tiff,2026:03:28 15:22:05-04:00,03/28 15:22:05,"charlotte, dariea ga",7/19/1956,charlotte,dariea ga,,1,,7-19-56-1pgs-tiff,,,1,FALSE
7.18.56 1pgs.tiff,2026:03:28 15:24:56-04:00,03/28 15:24:56,"billy, mammoth cave ky",7/18/1956,billy,mammoth cave ky,,1,,7-18-56-1pgs-tiff,,,1,FALSE
6.14.56 2pgs.tiff,2026:03:28 15:27:12-04:00,03/28 15:27:12,"russell, red springs",6/14/1956,russell,red springs,,2,,6-14-56-2pgs-tiff,,multiple,1,FALSE
6.16.56 1pgs.tiff,2026:03:28 15:29:01-04:00,03/28 15:29:01,"brenda, red springs",6/16/1956,brenda,red springs,,1,,6-16-56-1pgs-tiff,,,1,FALSE
no date 56 2pgs.tiff,2026:03:28 15:32:01-04:00,03/28 15:32:01,"richard, no loc",#N/A,richard,no loc,,2,,no-date-56-2pgs-tiff,,multiple,1,FALSE
6.8.56 2pgs.tiff,2026:03:28 15:36:28-04:00,03/28 15:36:28,"robbie, red springs",6/8/1956,robbie,red springs,,2,,6-8-56-2pgs-tiff,,multiple,1,FALSE
5.21.56 3pgs.tiff,2026:03:28 15:39:35-04:00,03/28 15:39:35,"graduation, wake forest nc",5/21/1956,graduation,wake forest nc,,3,,5-21-56-3pgs-tiff,,multiple,1,FALSE
translucent photo.tiff,2026:03:28 15:41:50-04:00,03/28 15:41:50,"Misc, photo, no loc",#N/A,Misc,no loc,photo,#N/A,,translucent-photo-tiff,,#N/A,1,FALSE
12.21.55 2pgs.tiff,2026:03:28 15:46:59-04:00,03/28 15:46:59,"russell cotton, red springs",12/21/1955,russell cotton,red springs,,2,,12-21-55-2pgs-tiff,,multiple,1,FALSE
6.2.56 2pgs.tiff,2026:03:28 15:50:59-04:00,03/28 15:50:59,"webb, albert, red springs",6/2/1956,webb,red springs,albert,2,,6-2-56-2pgs-tiff,,multiple,1,FALSE
5.17.56 2pgs.tiff,2026:03:28 15:54:29-04:00,03/28 15:54:29,"graduation, pembroke",5/17/1956,graduation,pembroke,,2,,5-17-56-2pgs-tiff,,multiple,1,FALSE
9.7.53 2pgs.tiff,2026:03:28 15:59:06-04:00,03/28 15:59:06,"cynthia, elizabethtown nc",9/7/1953,cynthia,elizabethtown nc,,2,,9-7-53-2pgs-tiff,,multiple,1,FALSE
1.4.55 2pgs.tiff,2026:03:28 16:02:28-04:00,03/28 16:02:28,"joanne, elizabethtown nc",1/4/1955,joanne,elizabethtown nc,,2,,1-4-55-2pgs-tiff,,multiple,1,FALSE
3.10.55 2pgs.tiff,2026:03:28 16:05:46-04:00,03/28 16:05:46,"sue, pembroke",3/10/1955,sue,pembroke,,2,,3-10-55-2pgs-tiff,,multiple,1,FALSE
3.1.55 1pgs.tiff,2026:03:28 16:08:31-04:00,03/28 16:08:31,"peggy, Gray, DUPLICATE NAME, elizabethtown nc",3/1/1955,peggy,elizabethtown nc,"Gray, DUPLICATE NAME",1,,3-1-55-1pgs-tiff,,,1,FALSE
3.1.55 1pgs 2nd.tiff,2026:03:28 16:10:08-04:00,03/28 16:10:08,"charles mercer, methodist, DUPLICATE NAME, fairmont nc",3/1/1955,charles mercer,fairmont nc,"methodist, DUPLICATE NAME",1,,3-1-55-1pgs-2nd-tiff,,,1,FALSE
3.19.54 1pgs.tiff,2026:03:29 12:02:00-04:00,03/29 12:02:00,"anne, no loc",3/19/1954,anne,no loc,,1,,3-19-54-1pgs-tiff,,,1,FALSE
7.3.52 2pgs.tiff,2026:03:29 12:05:36-04:00,03/29 12:05:36,"penpals, belmont, port of spain trinidad",7/3/1952,penpals,port of spain trinidad,belmont,2,,7-3-52-2pgs-tiff,,multiple,1,FALSE
1.7.54 2pgs.tiff,2026:03:29 12:10:53-04:00,03/29 12:10:53,"bertha, pembroke",1/7/1954,bertha,pembroke,,2,,1-7-54-2pgs-tiff,,multiple,1,FALSE
12.30.51 3pgs.tiff,2026:03:29 12:14:39-04:00,03/29 12:14:39,"penpals, port of spain trinidad",12/30/1951,penpals,port of spain trinidad,,3,,12-30-51-3pgs-tiff,,multiple,1,FALSE
1.19.54 4pgs.tiff,2026:03:29 12:18:28-04:00,03/29 12:18:28,"nancy, wilmington nc",1/19/1954,nancy,wilmington nc,,4,,1-19-54-4pgs-tiff,,multiple,1,FALSE
5.22.52 2pgs.tiff,2026:03:29 12:21:44-04:00,03/29 12:21:44,"nancy, nancy craig, wilmington nc",5/22/1952,nancy,wilmington nc,nancy craig,2,,5-22-52-2pgs-tiff,,multiple,1,FALSE
3.3.53 2pgs.tiff,2026:03:29 12:26:14-04:00,03/29 12:26:14,"nancy, wilmington nc",3/3/1953,nancy,wilmington nc,,2,,3-3-53-2pgs-tiff,,multiple,1,FALSE
9.3.53 1pgs.tiff,2026:03:29 12:29:46-04:00,03/29 12:29:46,"phyllis, brunswick nc",9/3/1953,phyllis,brunswick nc,,1,,9-3-53-1pgs-tiff,,,1,FALSE
6.14.54 3pgs.tiff,2026:03:29 12:35:44-04:00,03/29 12:35:44,"rosie, pembroke",6/14/1954,rosie,pembroke,,3,,6-14-54-3pgs-tiff,,multiple,1,FALSE
6.14.54 1pgs.tiff,2026:03:29 12:37:48-04:00,03/29 12:37:48,"prayer, pembroke",6/14/1954,prayer,pembroke,,1,,6-14-54-1pgs-tiff,,,1,FALSE
6.30.54 1pgs.tiff,2026:03:29 12:40:51-04:00,03/29 12:40:51,"mrs adams, red springs",6/30/1954,mrs adams,red springs,,1,,6-30-54-1pgs-tiff,,,1,FALSE
8.21.54 1pgs.tiff,2026:03:29 12:42:58-04:00,03/29 12:42:58,"pastor, elizabethtown nc",8/21/1954,pastor,elizabethtown nc,,1,,8-21-54-1pgs-tiff,,,1,FALSE
8.9.54 2pgs.tiff,2026:03:29 12:45:34-04:00,03/29 12:45:34,"Misc, lumberton nc",8/9/1954,Misc,lumberton nc,,2,,8-9-54-2pgs-tiff,,multiple,1,FALSE
wedding 2pgs.tiff,2026:03:29 12:47:45-04:00,03/29 12:47:45,"Misc, no loc",#N/A,Misc,no loc,,2,,wedding-2pgs-tiff,,multiple,1,FALSE
3.2.56 1pgs.tiff,2026:03:29 16:34:34-04:00,03/29 16:34:34,"mother, postcard, statesboro georgia",3/2/1956,mother,statesboro georgia,postcard,1,,3-2-56-1pgs-tiff,,,1,FALSE
8.22.55 15pgs womans society.tiff,2026:03:29 16:50:10-04:00,03/29 16:50:10,"methodist, wilmington nc",8/22/1955,methodist,wilmington nc,,15,,8-22-55-15pgs-womans-society-tiff,,multiple,1,FALSE
7.6.53 3pgs.tiff,2026:03:29 16:54:57-04:00,03/29 16:54:57,"caroline, red springs",7/6/1953,caroline,red springs,,3,,7-6-53-3pgs-tiff,,multiple,1,FALSE
2.16.55 2pgs.tiff,2026:03:29 16:57:43-04:00,03/29 16:57:43,"sue, pembroke",2/16/1955,sue,pembroke,,2,,2-16-55-2pgs-tiff,,multiple,1,FALSE
2.11.55 1pgs.tiff,2026:03:29 17:01:00-04:00,03/29 17:01:00,"methodist, durham nc",2/11/1955,methodist,durham nc,,1,,2-11-55-1pgs-tiff,,,1,FALSE
2.15.55 1pgs.tiff,2026:03:29 17:03:39-04:00,03/29 17:03:39,"Haskins, elizabethtown nc",2/15/1955,Haskins,elizabethtown nc,,1,,2-15-55-1pgs-tiff,,,1,FALSE
2.9.54 2pgs.tiff,2026:03:29 17:11:13-04:00,03/29 17:11:13,"?, elizabethtown nc",2/9/1954,?,elizabethtown nc,,2,,2-9-54-2pgs-tiff,,multiple,1,FALSE
7.19.49 1pgs.tiff,2026:03:29 17:17:07-04:00,03/29 17:17:07,"rheta salter, new bern nc",7/19/1949,rheta salter,new bern nc,,1,,7-19-49-1pgs-tiff,,,1,FALSE
6.6.51 1pgs.tiff,2026:03:29 17:20:49-04:00,03/29 17:20:49,"mother, pembroke",6/6/1951,mother,pembroke,,1,,6-6-51-1pgs-tiff,,,1,FALSE
10.13.51 3pgs.tiff,2026:03:29 17:29:00-04:00,03/29 17:29:00,"penpals, port of spain trinidad",10/13/1951,penpals,port of spain trinidad,,3,,10-13-51-3pgs-tiff,,multiple,1,FALSE
6.17.58 2pgs.tiff,2026:03:29 17:36:11-04:00,03/29 17:36:11,"Rescan with iPhone, rescan with printer, ruth, pembroke",6/17/1958,Rescan with iPhone,pembroke,"rescan with printer, ruth",2,,6-17-58-2pgs-tiff,,multiple,1,FALSE
3.12.52 2pgs 2nd.tiff,2026:03:29 17:39:31-04:00,03/29 17:39:31,"elaine, arrington kansas",3/12/1952,elaine,arrington kansas,,2,,3-12-52-2pgs-2nd-tiff,,multiple,1,FALSE
2.24.55 2pgs.tiff,2026:03:29 17:42:18-04:00,03/29 17:42:18,"mrs mcneill, pembroke",2/24/1955,mrs mcneill,pembroke,,2,,2-24-55-2pgs-tiff,,multiple,1,FALSE
1.7.53 3pgs.tiff,2026:03:29 17:47:56-04:00,03/29 17:47:56,"mother, miami fl",1/7/1953,mother,miami fl,,3,,1-7-53-3pgs-tiff,,multiple,1,FALSE
1pgs bonnie.tiff,2026:03:29 17:50:30-04:00,03/29 17:50:30,"bonnie, lumberton nc",#N/A,bonnie,lumberton nc,,1,,1pgs-bonnie-tiff,,,1,FALSE
7.5.56 1pgs.tiff,2026:03:29 17:52:30-04:00,03/29 17:52:30,"edna, bennettsville sc",7/5/1956,edna,bennettsville sc,,1,,7-5-56-1pgs-tiff,,,1,FALSE
charlotte 1pgs.tiff,2026:03:29 17:54:28-04:00,03/29 17:54:28,"ruth mcarthur, no loc",#N/A,ruth mcarthur,no loc,,1,,charlotte-1pgs-tiff,,,1,FALSE
7.4.56 1pgs.tiff,2026:03:29 17:58:50-04:00,03/29 17:58:50,"?, postcard, carolina beach",7/4/1956,?,carolina beach,postcard,1,,7-4-56-1pgs-tiff,,,1,FALSE
7.10.56 1pgs 2nd.tiff,2026:03:29 18:03:27-04:00,03/29 18:03:27,"barbara, red springs",7/10/1956,barbara,red springs,,1,,7-10-56-1pgs-2nd-tiff,,,1,FALSE
7.56 1pgs.tiff,2026:03:29 18:05:17-04:00,03/29 18:05:17,"?, postcard, no loc",#N/A,?,no loc,postcard,1,,7-56-1pgs-tiff,,,1,FALSE
7.10.56 1pgs.tiff,2026:03:29 18:06:58-04:00,03/29 18:06:58,"carol, postcard, arapahoe nc",7/10/1956,carol,arapahoe nc,postcard,1,,7-10-56-1pgs-tiff,,,1,FALSE
7.7.56 2pgs.tiff,2026:03:29 18:09:45-04:00,03/29 18:09:45,"nancy britt, orrum nc",7/7/1956,nancy britt,orrum nc,,2,,7-7-56-2pgs-tiff,,multiple,1,FALSE
7.5.56 1pgs 2nd.tiff,2026:03:29 18:11:32-04:00,03/29 18:11:32,"kay, DUPLICATE NAME, postcard, highland falls ny",7/5/1956,kay,highland falls ny,"DUPLICATE NAME, postcard",1,,7-5-56-1pgs-2nd-tiff,,,1,FALSE
7.3.56 1pgs.tiff,2026:03:29 18:13:07-04:00,03/29 18:13:07,"helen, DUPLICATE NAME, Gray, chicago",7/3/1956,helen,chicago,"DUPLICATE NAME, Gray",1,,7-3-56-1pgs-tiff,,,1,FALSE
3.15.55 3pgs.tiff,2026:03:29 18:16:01-04:00,03/29 18:16:01,"?, bay pines fl",3/15/1955,?,bay pines fl,,3,,3-15-55-3pgs-tiff,,multiple,1,FALSE
8.15.53 2pgs.tiff,2026:03:30 15:35:54-04:00,03/30 15:35:54,"caroline, red springs",8/15/1953,caroline,red springs,,2,,8-15-53-2pgs-tiff,,multiple,1,FALSE
9.18.52 2pgs.tiff,2026:03:30 15:38:53-04:00,03/30 15:38:53,"janet, cedarville ohio",9/18/1952,janet,cedarville ohio,,2,,9-18-52-2pgs-tiff,,multiple,1,FALSE
12.22.54 2pgs.tiff,2026:03:30 15:42:57-04:00,03/30 15:42:57,"jordan family, southport nc",12/22/1954,jordan family,southport nc,,2,,12-22-54-2pgs-tiff,,multiple,1,FALSE
12.15.54 2pgs.tiff,2026:03:30 16:37:50-04:00,03/30 16:37:50,"?, colorado springs",12/15/1954,?,colorado springs,,2,,12-15-54-2pgs-tiff,,multiple,1,FALSE
9.17.55 2pgs.tiff,2026:03:30 16:39:33-04:00,03/30 16:39:33,"Misc, red springs",9/17/1955,Misc,red springs,,2,,9-17-55-2pgs-tiff,,multiple,1,FALSE
11.23.54 2pgs.tiff,2026:03:30 16:41:22-04:00,03/30 16:41:22,"leon, elizabethtown nc",11/23/1954,leon,elizabethtown nc,,2,,11-23-54-2pgs-tiff,,multiple,1,FALSE
2.20.56 4pgs.tiff,2026:03:30 16:45:09-04:00,03/30 16:45:09,"gail, lumberton nc",2/20/1956,gail,lumberton nc,,4,,2-20-56-4pgs-tiff,,multiple,1,FALSE
8.?.55 1pgs.tiff,2026:03:30 16:48:07-04:00,03/30 16:48:07,"bertha, Gray, no loc",#N/A,bertha,no loc,Gray,1,,8-55-1pgs-tiff,,,1,FALSE
10.20.55 3pgs.tiff,2026:03:30 16:53:08-04:00,03/30 16:53:08,"Rescan with iPhone, ruby, elizabethtown nc",10/20/1955,Rescan with iPhone,elizabethtown nc,ruby,3,,10-20-55-3pgs-tiff,,multiple,1,FALSE
9.4.55 2pgs.tiff,2026:03:30 16:56:04-04:00,03/30 16:56:04,"faye, rockingham nc",9/4/1955,faye,rockingham nc,,2,,9-4-55-2pgs-tiff,,multiple,1,FALSE
9.3.55 1pgs.tiff,2026:03:30 16:58:15-04:00,03/30 16:58:15,"joanne, elizabethtown nc",9/3/1955,joanne,elizabethtown nc,,1,,9-3-55-1pgs-tiff,,,1,FALSE
9.12.55 2pgs.tiff,2026:03:30 17:02:08-04:00,03/30 17:02:08,"sue, pembroke",9/12/1955,sue,pembroke,,2,,9-12-55-2pgs-tiff,,multiple,1,FALSE
11.15.55 1pgs.tiff,2026:03:30 17:07:31-04:00,03/30 17:07:31,"bob, saint joseph mich",11/15/1955,bob,saint joseph mich,,1,,11-15-55-1pgs-tiff,,,1,FALSE
5.16.55 2pgs.tiff,2026:03:30 17:11:23-04:00,03/30 17:11:23,"graduation, pembroke",5/16/1955,graduation,pembroke,,2,,5-16-55-2pgs-tiff,,multiple,1,FALSE
10.25.55 1pgs.tiff,2026:03:30 17:14:05-04:00,03/30 17:14:05,"richard, dallas nc",10/25/1955,richard,dallas nc,,1,,10-25-55-1pgs-tiff,,,1,FALSE
5.14.55 1pgs.tiff,2026:03:30 17:16:13-04:00,03/30 17:16:13,"graduation, rowland nc",5/14/1955,graduation,rowland nc,,1,,5-14-55-1pgs-tiff,,,1,FALSE
8.55 2pgs.tiff,2026:03:30 17:20:58-04:00,03/30 17:20:58,"kay, fuquay springs",#N/A,kay,fuquay springs,,2,,8-55-2pgs-tiff,,multiple,1,FALSE
8.23.55 2pgs.tiff,2026:03:30 17:27:24-04:00,03/30 17:27:24,"gail, lumberton nc",8/23/1955,gail,lumberton nc,,2,,8-23-55-2pgs-tiff,,multiple,1,FALSE
6.7.56 1pgs.tiff,2026:03:30 17:29:57-04:00,03/30 17:29:57,"?, DUPLICATE NAME, NO COPY OF DUPLICATE, lumberton nc",6/7/1956,?,lumberton nc,"DUPLICATE NAME, NO COPY OF DUPLICATE",1,,6-7-56-1pgs-tiff,,,1,FALSE
12.28.51 2pgs 2nd.tiff,2026:03:30 17:36:04-04:00,03/30 17:36:04,"claudette, DUPLICATE NAME, trinidad",12/28/1951,claudette,trinidad,DUPLICATE NAME,2,,12-28-51-2pgs-2nd-tiff,,multiple,1,FALSE
1.2.52 2pgs.tiff,2026:03:30 17:38:38-04:00,03/30 17:38:38,"mrs adams, DUPLICATE NAME, red springs",1/2/1952,mrs adams,red springs,DUPLICATE NAME,2,,1-2-52-2pgs-tiff,,multiple,1,FALSE
no date 1pgs 2nd.tiff,2026:03:30 17:40:41-04:00,03/30 17:40:41,"charlotte, no loc",#N/A,charlotte,no loc,,1,,no-date-1pgs-2nd-tiff,,,1,FALSE
8.3.53 2pgs 1photo.tiff,2026:04:07 16:57:57-04:00,04/07 16:57:57,"charlotte, red springs",8/3/1953,charlotte,red springs,,2,,8-3-53-2pgs-1photo-tiff,,multiple,1,FALSE
charlotte photo.png,2026:04:07 17:00:16-04:00,04/07 17:00:16,"Misc, photo, no loc",#N/A,Misc,no loc,photo,#N/A,,charlotte-photo-png,,#N/A,1,FALSE
9.30.50 1pgs.tiff,2026:04:07 17:12:07-04:00,04/07 17:12:07,"jean, jackson alabama",9/30/1950,jean,jackson alabama,,1,,9-30-50-1pgs-tiff,,,1,FALSE
7.14.58 2pgs.tiff,2026:04:07 17:13:17-04:00,04/07 17:13:17,"francis ann, pembroke",7/14/1958,francis ann,pembroke,,2,,7-14-58-2pgs-tiff,,multiple,1,FALSE
9.2.49 1pgs.tiff,2026:04:07 17:15:50-04:00,04/07 17:15:50,"sue, pembroke",9/2/1949,sue,pembroke,,1,,9-2-49-1pgs-tiff,,,1,FALSE
7.27.53 2pgs.tiff,2026:04:07 17:17:14-04:00,04/07 17:17:14,"charlotte, DUPLICATE NAME, red springs",7/27/1953,charlotte,red springs,DUPLICATE NAME,2,,7-27-53-2pgs-tiff,,multiple,1,FALSE
7.27.53 2pgs 2nd.tiff,2026:04:07 17:20:40-04:00,04/07 17:20:40,"francis ann, DUPLICATE NAME, pembroke",7/27/1953,francis ann,pembroke,DUPLICATE NAME,2,,7-27-53-2pgs-2nd-tiff,,multiple,1,FALSE
8.6.52 1pgs.tiff,2026:04:07 17:23:43-04:00,04/07 17:23:43,"nancy, charlotte nc",8/6/1952,nancy,charlotte nc,,1,,8-6-52-1pgs-tiff,,,1,FALSE
1.15.51 4pgs.tiff,2026:04:07 17:30:01-04:00,04/07 17:30:01,"Louella, pensacola, warrington fl",1/15/1951,Louella,warrington fl,pensacola,4,,1-15-51-4pgs-tiff,,multiple,1,FALSE
12.29.50 2pgs.tiff,2026:04:07 17:32:40-04:00,04/07 17:32:40,"mrs adams, red springs",12/29/1950,mrs adams,red springs,,2,,12-29-50-2pgs-tiff,,multiple,1,FALSE
1.14.52 3pgs.tiff,2026:04:07 17:36:34-04:00,04/07 17:36:34,"carol, carol baker, penpals, akron ohio",1/14/1952,carol,akron ohio,"carol baker, penpals",3,,1-14-52-3pgs-tiff,,multiple,1,FALSE
8.23.51 2pgs.tiff,2026:04:07 17:39:42-04:00,04/07 17:39:42,"kae, mebane nc",8/23/1951,kae,mebane nc,,2,,8-23-51-2pgs-tiff,,multiple,1,FALSE
8.21.51 2pgs.tiff,2026:04:07 17:42:55-04:00,04/07 17:42:55,"glenda, wilmington nc",8/21/1951,glenda,wilmington nc,,2,,8-21-51-2pgs-tiff,,multiple,1,FALSE
7.29.51 2pgs.tiff,2026:04:07 17:47:15-04:00,04/07 17:47:15,"jean, jackson alabama",7/29/1951,jean,jackson alabama,,2,,7-29-51-2pgs-tiff,,multiple,1,FALSE
6.26.51 2pgs.tiff,2026:04:07 17:54:07-04:00,04/07 17:54:07,"margaret, brevard nc",6/26/1951,margaret,brevard nc,,2,,6-26-51-2pgs-tiff,,multiple,1,FALSE
xmas card 3pgs.tiff,2026:04:07 18:09:14-04:00,04/07 18:09:14,"carol baker, xmas, no loc",#N/A,carol baker,no loc,xmas,3,,xmas-card-3pgs-tiff,,multiple,1,FALSE
8.24.51 3pgs.tiff,2026:04:07 18:14:46-04:00,04/07 18:14:46,"jean, jackson alabama",8/24/1951,jean,jackson alabama,,3,,8-24-51-3pgs-tiff,,multiple,1,FALSE
12.28.51 2pgs.tiff,2026:04:07 18:16:32-04:00,04/07 18:16:32,"carol, carol baker, DUPLICATE NAME, akron ohio",12/28/1951,carol,akron ohio,"carol baker, DUPLICATE NAME",2,,12-28-51-2pgs-tiff,,multiple,1,FALSE
12.28.51 2pgs 3rd.tiff,2026:04:07 18:18:54-04:00,04/07 18:18:54,"mary catherine, DUPLICATE NAME, wilmington nc",12/28/1951,mary catherine,wilmington nc,DUPLICATE NAME,2,,12-28-51-2pgs-3rd-tiff,,multiple,1,FALSE
2.3.55 4pgs.tiff,2026:04:07 18:23:09-04:00,04/07 18:23:09,"joanne, elizabethtown nc",2/3/1955,joanne,elizabethtown nc,,4,,2-3-55-4pgs-tiff,,multiple,1,FALSE
1.2.49 2pgs.tiff,2026:04:09 15:19:21-04:00,04/09 15:19:21,"miss brie?, red springs",1/2/1949,miss brie?,red springs,,2,,1-2-49-2pgs-tiff,,multiple,1,FALSE
11.13.51 4pgs.tiff,2026:04:09 15:24:06-04:00,04/09 15:24:06,"ella, aberdeen nc",11/13/1951,ella,aberdeen nc,,4,,11-13-51-4pgs-tiff,,multiple,1,FALSE
7.30.51 3pgs.tiff,2026:04:09 15:28:29-04:00,04/09 15:28:29,"hazel, wilmington nc",7/30/1951,hazel,wilmington nc,,3,,7-30-51-3pgs-tiff,,multiple,1,FALSE
valentine 2pgs.tiff,2026:04:09 15:30:50-04:00,04/09 15:30:50,"henry paul, no loc",#N/A,henry paul,no loc,,2,,valentine-2pgs-tiff,,multiple,1,FALSE
1.29.52 2pgs.tiff,2026:04:09 15:34:45-04:00,04/09 15:34:45,"peggy, elizabethtown nc",1/29/1952,peggy,elizabethtown nc,,2,,1-29-52-2pgs-tiff,,multiple,1,FALSE
7.17.52 3pgs.tiff,2026:04:09 15:40:26-04:00,04/09 15:40:26,"carolyne, red springs",7/17/1952,carolyne,red springs,,3,,7-17-52-3pgs-tiff,,multiple,1,FALSE
10.8.51 2pgs.tiff,2026:04:09 15:43:26-04:00,04/09 15:43:26,"carol baker, akron ohio",10/8/1951,carol baker,akron ohio,,2,,10-8-51-2pgs-tiff,,multiple,1,FALSE
9.25.51 2pgs.tiff,2026:04:09 15:48:28-04:00,04/09 15:48:28,"elaine, elaine ann, bedford iowa",9/25/1951,elaine,bedford iowa,elaine ann,2,,9-25-51-2pgs-tiff,,multiple,1,FALSE
4.14.51 1pgs.tiff,2026:04:09 15:51:06-04:00,04/09 15:51:06,"Misc, camp, tryon nc",4/14/1951,Misc,tryon nc,camp,1,,4-14-51-1pgs-tiff,,,1,FALSE
3.21.50 1pgs.tiff,2026:04:09 15:53:12-04:00,04/09 15:53:12,"Misc, camp, tryon nc",3/21/1950,Misc,tryon nc,camp,1,,3-21-50-1pgs-tiff,,,1,FALSE
1.19.52 2pgs.tiff,2026:04:09 15:58:00-04:00,04/09 15:58:00,"patty hayden, olean ny",1/19/1952,patty hayden,olean ny,,2,,1-19-52-2pgs-tiff,,multiple,1,FALSE
6.11.51 1pgs.tiff,2026:04:09 16:00:12-04:00,04/09 16:00:12,"mother, pembroke",6/11/1951,mother,pembroke,,1,,6-11-51-1pgs-tiff,,,1,FALSE
7.22.51 1pgs.tiff,2026:04:09 16:02:48-04:00,04/09 16:02:48,"jean, jackson alabama",7/22/1951,jean,jackson alabama,,1,,7-22-51-1pgs-tiff,,,1,FALSE
8.29.53 1pgs.tiff,2026:04:09 16:04:51-04:00,04/09 16:04:51,"cynthia, elizabethtown nc",8/29/1953,cynthia,elizabethtown nc,,1,,8-29-53-1pgs-tiff,,,1,FALSE
8.29.53 2pgs.tiff,2026:04:09 16:11:10-04:00,04/09 16:11:10,"anne, red springs",8/29/1953,anne,red springs,,2,,8-29-53-2pgs-tiff,,multiple,1,FALSE
8.20.53 2pgs.tiff,2026:04:09 16:13:50-04:00,04/09 16:13:50,"thelma, boone nc",8/20/1953,thelma,boone nc,,2,,8-20-53-2pgs-tiff,,multiple,1,FALSE
8.14.53 2pgs.tiff,2026:04:09 16:16:10-04:00,04/09 16:16:10,"anne, red springs",8/14/1953,anne,red springs,,2,,8-14-53-2pgs-tiff,,multiple,1,FALSE
8.14.53 2pgs 2nd.tiff,2026:04:09 16:18:35-04:00,04/09 16:18:35,"francis ann, pembroke",8/14/1953,francis ann,pembroke,,2,,8-14-53-2pgs-2nd-tiff,,multiple,1,FALSE
10.20.53 1pgs .tiff,2026:04:09 16:21:07-04:00,04/09 16:21:07,"Misc, lumberton nc",10/20/1953,Misc,lumberton nc,,1,,10-20-53-1pgs-tiff,,,1,FALSE
12.5.52 1pgs.tiff,2026:04:09 16:23:17-04:00,04/09 16:23:17,"Misc, lumberton nc",12/5/1952,Misc,lumberton nc,,1,,12-5-52-1pgs-tiff,,,1,FALSE
flash card 2pgs.tiff,2026:04:09 16:25:06-04:00,04/09 16:25:06,"peggy, no loc",#N/A,peggy,no loc,,2,,flash-card-2pgs-tiff,,multiple,1,FALSE
sick card 2pgs .tiff,2026:04:09 16:27:32-04:00,04/09 16:27:32,"mrs adams, no loc",#N/A,mrs adams,no loc,,2,,sick-card-2pgs-tiff,,multiple,1,FALSE
11.26.53 4pgs.tiff,2026:04:09 16:33:37-04:00,04/09 16:33:37,"nancy, nancy craig, wilmington nc",11/26/1953,nancy,wilmington nc,nancy craig,4,,11-26-53-4pgs-tiff,,multiple,1,FALSE
1.6.54 2pgs.tiff,2026:04:09 16:38:09-04:00,04/09 16:38:09,"penpals, Gray, biscoe nc",1/6/1954,penpals,biscoe nc,Gray,2,,1-6-54-2pgs-tiff,,multiple,1,FALSE
1.7.54 4pgs.tiff,2026:04:09 16:42:42-04:00,04/09 16:42:42,"peggy, elizabethtown nc, Gray",1/7/1954,peggy,Gray,elizabethtown nc,4,,1-7-54-4pgs-tiff,,multiple,1,FALSE
5.31.56 2pgs.tiff,2026:04:09 16:45:51-04:00,04/09 16:45:51,"bertha, red springs",5/31/1956,bertha,red springs,,2,,5-31-56-2pgs-tiff,,multiple,1,FALSE
laminated address.tiff,2026:04:09 16:46:57-04:00,04/09 16:46:57,"Misc, no loc",#N/A,Misc,no loc,,#N/A,,laminated-address-tiff,,#N/A,1,FALSE
12.16.53 no envelope 2pgs.tiff,2026:04:09 16:50:27-04:00,04/09 16:50:27,"elaine, arrington kansas",12/16/1953,elaine,arrington kansas,,2,,12-16-53-no-envelope-2pgs-tiff,,multiple,1,FALSE
2.28.51.tiff,2026:04:09 16:56:39-04:00,04/09 16:56:39,"fats, parents letter, postcard, chicago",2/28/1951,fats,chicago,"parents letter, postcard",#N/A,,2-28-51-tiff,,#N/A,1,FALSE
5.20.52 1pgs.tiff,2026:04:09 16:58:56-04:00,04/09 16:58:56,"fats, parents letter, saint louis",5/20/1952,fats,saint louis,parents letter,1,,5-20-52-1pgs-tiff,,,1,FALSE
1.22.51 clippings from fats.tiff,2026:04:09 17:08:07-04:00,04/09 17:08:07,"fats, parents letter, chicago",1/22/1951,fats,chicago,parents letter,#N/A,,1-22-51-clippings-from-fats-tiff,,#N/A,1,FALSE
3.1.50 3pgs.tiff,2026:04:09 17:20:54-04:00,04/09 17:20:54,"fats, parents letter, saint louis",3/1/1950,fats,saint louis,parents letter,3,,3-1-50-3pgs-tiff,,multiple,1,FALSE
Medicine Man (not One Of Nannies Files) - Apr 9 2026 - 5-14 PM.pdf,2026:04:09 17:20:59-04:00,04/09 17:20:59,"Misc, Rescan with iPhone, no loc",#N/A,Misc,no loc,Rescan with iPhone,#N/A,,medicine-man-not-one-of-nannies-files-apr-9-2026-5-14-pm-pdf,,#N/A,1,FALSE
10.23.50 1pgs.tiff,2026:04:09 17:24:37-04:00,04/09 17:24:37,"fats, parents letter, chicago",10/23/1950,fats,chicago,parents letter,1,,10-23-50-1pgs-tiff,,,1,FALSE
Fabulous Fats - Apr 9 2026 - 5-13 PM.pdf,2026:04:10 08:55:16-04:00,04/10 08:55:16,"fats, parents letter, rescan with printer, no loc",#N/A,fats,no loc,"parents letter, rescan with printer",#N/A,,fabulous-fats-apr-9-2026-5-13-pm-pdf,,#N/A,1,FALSE
11.17.51 1pgs.tiff,2026:04:10 13:08:15-04:00,04/10 13:08:15,"fats, parents letter, san juan puerto rico",11/17/1951,fats,san juan puerto rico,parents letter,1,,11-17-51-1pgs-tiff,,,1,FALSE
3.26.52 empty envelope.tiff,2026:04:10 13:11:30-04:00,04/10 13:11:30,"fats, parents letter, chicago",3/26/1952,fats,chicago,parents letter,#N/A,,3-26-52-empty-envelope-tiff,,#N/A,1,FALSE
10.5.51 1pgs.tiff,2026:04:10 13:14:18-04:00,04/10 13:14:18,"fats, parents letter, san juan puerto rico",10/5/1951,fats,san juan puerto rico,parents letter,1,,10-5-51-1pgs-tiff,,,1,FALSE
12.6.51 1pgs.tiff,2026:04:10 13:17:39-04:00,04/10 13:17:39,"fats, parents letter, clevland ohio",12/6/1951,fats,clevland ohio,parents letter,1,,12-6-51-1pgs-tiff,,,1,FALSE
4.23.52 2pgs.tiff,2026:04:10 13:19:41-04:00,04/10 13:19:41,"fats, parents letter, postcard, los angeles",4/23/1952,fats,los angeles,"parents letter, postcard",2,,4-23-52-2pgs-tiff,,multiple,1,FALSE
4.7.50 2pgs.tiff,2026:04:10 13:21:37-04:00,04/10 13:21:37,"fats, parents letter, postcard, nyc",4/7/1950,fats,nyc,"parents letter, postcard",2,,4-7-50-2pgs-tiff,,multiple,1,FALSE
4.16.52 2pgs.tiff,2026:04:10 13:23:14-04:00,04/10 13:23:14,"fats, parents letter, postcard, los angeles",4/16/1952,fats,los angeles,"parents letter, postcard",2,,4-16-52-2pgs-tiff,,multiple,1,FALSE
1.13.52 2pgs.tiff,2026:04:10 13:25:02-04:00,04/10 13:25:02,"fats, parents letter, postcard, rochester ny",1/13/1952,fats,rochester ny,"parents letter, postcard",2,,1-13-52-2pgs-tiff,,multiple,1,FALSE
7.6.51 2pgs.tiff,2026:04:10 13:26:58-04:00,04/10 13:26:58,"fats, parents letter, postcard, minneapolis",7/6/1951,fats,minneapolis,"parents letter, postcard",2,,7-6-51-2pgs-tiff,,multiple,1,FALSE
6.20.51 2pgs.tiff,2026:04:10 13:28:38-04:00,04/10 13:28:38,"fats, parents letter, postcard, new orleans",6/20/1951,fats,new orleans,"parents letter, postcard",2,,6-20-51-2pgs-tiff,,multiple,1,FALSE
7.25.51 2pgs.tiff,2026:04:10 13:30:19-04:00,04/10 13:30:19,"fats, parents letter, postcard, minneapolis",7/25/1951,fats,minneapolis,"parents letter, postcard",2,,7-25-51-2pgs-tiff,,multiple,1,FALSE
1.25.51 2pgs.tiff,2026:04:10 13:32:07-04:00,04/10 13:32:07,"fats, parents letter, postcard, chicago",1/25/1951,fats,chicago,"parents letter, postcard",2,,1-25-51-2pgs-tiff,,multiple,1,FALSE
1.31.51 2pgs.tiff,2026:04:10 13:33:45-04:00,04/10 13:33:45,"fats, parents letter, postcard, chicago",1/31/1951,fats,chicago,"parents letter, postcard",2,,1-31-51-2pgs-tiff,,multiple,1,FALSE
5.2.50 2pgs.tiff,2026:04:10 13:35:14-04:00,04/10 13:35:14,"fats, parents letter, postcard, nyc",5/2/1950,fats,nyc,"parents letter, postcard",2,,5-2-50-2pgs-tiff,,multiple,1,FALSE
7.2.50 2pgs.tiff,2026:04:10 13:37:07-04:00,04/10 13:37:07,"fats, parents letter, postcard, saint louis",7/2/1950,fats,saint louis,"parents letter, postcard",2,,7-2-50-2pgs-tiff,,multiple,1,FALSE
3.28.50 2pgs.tiff,2026:04:10 13:38:43-04:00,04/10 13:38:43,"fats, parents letter, postcard, saint louis",3/28/1950,fats,saint louis,"parents letter, postcard",2,,3-28-50-2pgs-tiff,,multiple,1,FALSE
9.25.50 2pgs.tiff,2026:04:10 13:40:20-04:00,04/10 13:40:20,"fats, parents letter, postcard, chicago",9/25/1950,fats,chicago,"parents letter, postcard",2,,9-25-50-2pgs-tiff,,multiple,1,FALSE
8.3.50 2pgs.tiff,2026:04:10 13:41:52-04:00,04/10 13:41:52,"fats, parents letter, postcard, saint louis",8/3/1950,fats,saint louis,"parents letter, postcard",2,,8-3-50-2pgs-tiff,,multiple,1,FALSE
8.31.53 2pgs.tiff,2026:04:10 13:44:53-04:00,04/10 13:44:53,"fats, marie, parents letter, postcard, omaha nb",8/31/1953,fats,omaha nb,"marie, parents letter, postcard",2,,8-31-53-2pgs-tiff,,multiple,1,FALSE
6.13.53 2pgs.tiff,2026:04:10 13:45:43-04:00,04/10 13:45:43,"fats, parents letter, postcard, binghamton ny",6/13/1953,fats,binghamton ny,"parents letter, postcard",2,,6-13-53-2pgs-tiff,,multiple,1,FALSE
1.13.53 1pgs.tiff,2026:04:10 13:47:08-04:00,04/10 13:47:08,"fats, parents letter, postcard, detroit",1/13/1953,fats,detroit,"parents letter, postcard",1,,1-13-53-1pgs-tiff,,,1,FALSE
10.17.52 2pgs.tiff,2026:04:10 13:48:38-04:00,04/10 13:48:38,"fats, parents letter, postcard, saint louis",10/17/1952,fats,saint louis,"parents letter, postcard",2,,10-17-52-2pgs-tiff,,multiple,1,FALSE
6.23.53 2pgs 2nd.tiff,2026:04:10 13:50:17-04:00,04/10 13:50:17,"fats, parents letter, postcard, binghamton ny",6/23/1953,fats,binghamton ny,"parents letter, postcard",2,,6-23-53-2pgs-2nd-tiff,,multiple,1,FALSE
fats card from LA.tiff,2026:04:11 20:19:41-04:00,04/11 20:19:41,"fats, parents letter, postcard, los angeles",#N/A,fats,los angeles,"parents letter, postcard",#N/A,,fats-card-from-la-tiff,,#N/A,1,FALSE
6.52 card from fred.va.tiff,2026:04:11 20:24:00-04:00,04/11 20:24:00,"scan more? unfinished, postcard, parents letter",#N/A,scan more? unfinished,parents letter,postcard,#N/A,,6-52-card-from-fred-va-tiff,,#N/A,1,FALSE
7.10.51 2pgs.tiff,2026:04:11 20:31:48-04:00,04/11 20:31:48,"rheta salter, raleigh",7/10/1951,rheta salter,raleigh,,2,,7-10-51-2pgs-tiff,,multiple,1,FALSE
7.11.53 2pgs.tiff,2026:04:11 20:35:20-04:00,04/11 20:35:20,"caroline, red springs",7/11/1953,caroline,red springs,,2,,7-11-53-2pgs-tiff,,multiple,1,FALSE
9.11.51 2pgs.tiff,2026:04:11 20:38:05-04:00,04/11 20:38:05,"?, toronto canada",9/11/1951,?,toronto canada,,2,,9-11-51-2pgs-tiff,,multiple,1,FALSE
9.26.51 2pgs.tiff,2026:04:11 20:42:13-04:00,04/11 20:42:13,"patty hayden, olean ny",9/26/1951,patty hayden,olean ny,,2,,9-26-51-2pgs-tiff,,multiple,1,FALSE
8.2.51 2pgs.tiff,2026:04:11 20:45:22-04:00,04/11 20:45:22,"elaine ann, bedford iowa",8/2/1951,elaine ann,bedford iowa,,2,,8-2-51-2pgs-tiff,,multiple,1,FALSE
9.6.51 2pgs.tiff,2026:04:11 20:47:59-04:00,04/11 20:47:59,"penpals, alliance ohio",9/6/1951,penpals,alliance ohio,,2,,9-6-51-2pgs-tiff,,multiple,1,FALSE
8.12.52 2pgs.tiff,2026:04:11 20:51:45-04:00,04/11 20:51:45,"elaine, arrington kansas",8/12/1952,elaine,arrington kansas,,2,,8-12-52-2pgs-tiff,,multiple,1,FALSE
9.14.51 2pgs.tiff,2026:04:11 20:55:29-04:00,04/11 20:55:29,"penpals, port of spain trinidad, belmont",9/14/1951,penpals,belmont,port of spain trinidad,2,,9-14-51-2pgs-tiff,,multiple,1,FALSE
dec. 1pgs.tiff,2026:04:12 08:44:08-04:00,04/12 08:44:08,"mrs. ted tyler?, pembroke",#N/A,mrs. ted tyler?,pembroke,,1,,dec-1pgs-tiff,,,1,FALSE
3.29.55 1pgs.tiff,2026:04:12 08:46:54-04:00,04/12 08:46:54,"allen, beaufort nc",3/29/1955,allen,beaufort nc,,1,,3-29-55-1pgs-tiff,,,1,FALSE
4.18.54 4pgs.tiff,2026:04:12 08:55:20-04:00,04/12 08:55:20,"anne, no loc",4/18/1954,anne,no loc,,4,,4-18-54-4pgs-tiff,,multiple,1,FALSE
9.21.51 1pgs.tiff,2026:04:12 08:58:55-04:00,04/12 08:58:55,"bonnie, Gray, alliance ohio",9/21/1951,bonnie,alliance ohio,Gray,1,,9-21-51-1pgs-tiff,,,1,FALSE
7.28.51 1pgs.tiff,2026:04:12 09:03:33-04:00,04/12 09:03:33,"margaret, Gray, brevard nc",7/28/1951,margaret,brevard nc,Gray,1,,7-28-51-1pgs-tiff,,,1,FALSE
7.30.51 2pgs.tiff,2026:04:12 09:06:51-04:00,04/12 09:06:51,"anne, anne dodenheim, red springs",7/30/1951,anne,red springs,anne dodenheim,2,,7-30-51-2pgs-tiff,,multiple,1,FALSE
12.26.50 2pgs.tiff,2026:04:12 09:09:52-04:00,04/12 09:09:52,"?, red springs",12/26/1950,?,red springs,,2,,12-26-50-2pgs-tiff,,multiple,1,FALSE
1.23.51 2pgs.tiff,2026:04:12 09:14:02-04:00,04/12 09:14:02,"Louella, warrington fl",1/23/1951,Louella,warrington fl,,2,,1-23-51-2pgs-tiff,,multiple,1,FALSE
3.27.51 2pgs.tiff,2026:04:12 09:18:34-04:00,04/12 09:18:34,"Misc, pembroke",3/27/1951,Misc,pembroke,,2,,3-27-51-2pgs-tiff,,multiple,1,FALSE
10.9.51 2pgs.tiff,2026:04:12 09:23:29-04:00,04/12 09:23:29,"nancy, Gray, wilmington nc",10/9/1951,nancy,wilmington nc,Gray,2,,10-9-51-2pgs-tiff,,multiple,1,FALSE
florist 1pgs.tiff,2026:04:12 09:25:20-04:00,04/12 09:25:20,"Misc, no loc",#N/A,Misc,no loc,,1,,florist-1pgs-tiff,,,1,FALSE
10.7.47 3pgs no envelope.tiff,2026:04:12 09:29:13-04:00,04/12 09:29:13,"mother, no loc",10/7/1947,mother,no loc,,3,,10-7-47-3pgs-no-envelope-tiff,,multiple,1,FALSE
7.2.51 2pgs.tiff,2026:04:12 09:31:36-04:00,04/12 09:31:36,"margaret, brevard nc",7/2/1951,margaret,brevard nc,,2,,7-2-51-2pgs-tiff,,multiple,1,FALSE
8.24.52 2pgs.tiff,2026:04:12 09:34:52-04:00,04/12 09:34:52,"nancy, nancy craig, wilmington nc",8/24/1952,nancy,wilmington nc,nancy craig,2,,8-24-52-2pgs-tiff,,multiple,1,FALSE
11.1.51 4pgs.tiff,2026:04:12 09:39:43-04:00,04/12 09:39:43,"elaine, bedford iowa",11/1/1951,elaine,bedford iowa,,4,,11-1-51-4pgs-tiff,,multiple,1,FALSE
10.31.52 1pgs.tiff,2026:04:12 09:41:21-04:00,04/12 09:41:21,"Misc, lumberton nc",10/31/1952,Misc,lumberton nc,,1,,10-31-52-1pgs-tiff,,,1,FALSE
11.12.92 2pgs newspaper.tiff,2026:04:12 10:15:30-04:00,04/12 10:15:30,"Nannie newspaper, no loc",11/12/1992,Nannie newspaper,no loc,,2,,11-12-92-2pgs-newspaper-tiff,,multiple,1,FALSE
1pgs no envelope 3rd.tiff,2026:04:12 10:21:10-04:00,04/12 10:21:10,"?, no loc",#N/A,?,no loc,,1,,1pgs-no-envelope-3rd-tiff,,,1,FALSE
5.2.53 2pgs.tiff,2026:04:12 10:25:28-04:00,04/12 10:25:28,"nancy, wilmington nc",5/2/1953,nancy,wilmington nc,,2,,5-2-53-2pgs-tiff,,multiple,1,FALSE
2.2.53 2pgs.tiff,2026:04:12 10:29:34-04:00,04/12 10:29:34,"nancy, nancy craig, wilmington nc",2/2/1953,nancy,wilmington nc,nancy craig,2,,2-2-53-2pgs-tiff,,multiple,1,FALSE
1.6.51 2pgs.tiff,2026:04:12 10:35:08-04:00,04/12 10:35:08,"?, pensacola",1/6/1951,?,pensacola,,2,,1-6-51-2pgs-tiff,,multiple,1,FALSE
6.6.53 3pgs.tiff,2026:04:12 10:40:01-04:00,04/12 10:40:01,"anne, red springs",6/6/1953,anne,red springs,,3,,6-6-53-3pgs-tiff,,multiple,1,FALSE
baby shower 2pgs.tiff,2026:04:12 10:43:10-04:00,04/12 10:43:10,"ruth mcarthur, no loc",#N/A,ruth mcarthur,no loc,,2,,baby-shower-2pgs-tiff,,multiple,1,FALSE
photo service 4pgs.tiff,2026:04:12 10:46:58-04:00,04/12 10:46:58,"Misc, no loc",#N/A,Misc,no loc,,4,,photo-service-4pgs-tiff,,multiple,1,FALSE
12.5.55 1pgs.tiff,2026:04:12 10:48:49-04:00,04/12 10:48:49,"margaret, red springs",12/5/1955,margaret,red springs,,1,,12-5-55-1pgs-tiff,,,1,FALSE
no date 1pgs.tiff,2026:04:12 10:50:47-04:00,04/12 10:50:47,"mrs adams, no loc, Gray",#N/A,mrs adams,Gray,no loc,1,,no-date-1pgs-tiff,,,1,FALSE
1.8.56 1pgs doll subscription.tiff,2026:04:12 10:52:36-04:00,04/12 10:52:36,"Misc, new orleans",1/8/1956,Misc,new orleans,,1,,1-8-56-1pgs-doll-subscription-tiff,,,1,FALSE
7.31.53 2pgs.tiff,2026:04:12 10:55:37-04:00,04/12 10:55:37,"thelma, boone nc",7/31/1953,thelma,boone nc,,2,,7-31-53-2pgs-tiff,,multiple,1,FALSE
12.1.55 1pgs.tiff,2026:04:12 10:58:05-04:00,04/12 10:58:05,"Haskins, elizabethtown nc",12/1/1955,Haskins,elizabethtown nc,,1,,12-1-55-1pgs-tiff,,,1,FALSE
1.2.54 2pgs.tiff,2026:04:12 17:40:50-04:00,04/12 17:40:50,"nancy craig, wilmington nc",1/2/1954,nancy craig,wilmington nc,,2,,1-2-54-2pgs-tiff,,multiple,1,FALSE
6.16.55 3pgs.tiff,2026:04:12 17:44:32-04:00,04/12 17:44:32,"madeline, red springs",6/16/1955,madeline,red springs,,3,,6-16-55-3pgs-tiff,,multiple,1,FALSE
6.13.55 3pgs.tiff,2026:04:12 17:49:50-04:00,04/12 17:49:50,"carolyn, red springs",6/13/1955,carolyn,red springs,,3,,6-13-55-3pgs-tiff,,multiple,1,FALSE
7.22.55 2pgs.tiff,2026:04:12 17:57:32-04:00,04/12 17:57:32,"mother, pembroke",7/22/1955,mother,pembroke,,2,,7-22-55-2pgs-tiff,,multiple,1,FALSE
7.13.55 3pgs.tiff,2026:04:12 18:02:00-04:00,04/12 18:02:00,"charlotte, red springs",7/13/1955,charlotte,red springs,,3,,7-13-55-3pgs-tiff,,multiple,1,FALSE
3.12.52 2pgs.tiff,2026:04:12 18:11:01-04:00,04/12 18:11:01,"nancy, wilmington nc",3/12/1952,nancy,wilmington nc,,2,,3-12-52-2pgs-tiff,,multiple,1,FALSE
9.12.51 3pgs.tiff,2026:04:12 18:15:59-04:00,04/12 18:15:59,"patty hayden, olean ny",9/12/1951,patty hayden,olean ny,,3,,9-12-51-3pgs-tiff,,multiple,1,FALSE
10.6.51 5pgs.tiff,2026:04:12 18:23:28-04:00,04/12 18:23:28,"patty hayden, olean ny",10/6/1951,patty hayden,olean ny,,5,,10-6-51-5pgs-tiff,,multiple,1,FALSE
1.16.52 1pgs.tiff,2026:04:12 18:26:38-04:00,04/12 18:26:38,"nancy, wilmington nc",1/16/1952,nancy,wilmington nc,,1,,1-16-52-1pgs-tiff,,,1,FALSE
11.8.51 1pgs no envelope.tiff,2026:04:12 18:28:10-04:00,04/12 18:28:10,"anne, red springs",11/8/1951,anne,red springs,,1,,11-8-51-1pgs-no-envelope-tiff,,,1,FALSE
2.19.52 4pgs.tiff,2026:04:12 18:32:11-04:00,04/12 18:32:11,"elaine, arrington kansas",2/19/1952,elaine,arrington kansas,,4,,2-19-52-4pgs-tiff,,multiple,1,FALSE
6.23.54 2pgs.tiff,2026:04:13 18:33:20-04:00,04/13 18:33:20,"francis ann, louisburg nc",6/23/1954,francis ann,louisburg nc,,2,,6-23-54-2pgs-tiff,,multiple,1,FALSE
pensacola nannie 1pgs.tiff,2026:04:13 18:35:38-04:00,04/13 18:35:38,"betty gray, pensacola",#N/A,betty gray,pensacola,,1,,pensacola-nannie-1pgs-tiff,,,1,FALSE
pensacola nannie 2 1pgs.tiff,2026:04:13 18:37:09-04:00,04/13 18:37:09,"betty gray, pensacola",#N/A,betty gray,pensacola,,1,,pensacola-nannie-2-1pgs-tiff,,,1,FALSE
blank postcards.tiff,2026:04:13 18:45:04-04:00,04/13 18:45:04,"Misc, no loc",#N/A,Misc,no loc,,#N/A,,blank-postcards-tiff,,#N/A,1,FALSE
blank postcards set 2.tiff,2026:04:13 19:03:06-04:00,04/13 19:03:06,"Misc, no loc",#N/A,Misc,no loc,,#N/A,,blank-postcards-set-2-tiff,,#N/A,1,FALSE
blank postcards set 3.tiff,2026:04:13 19:11:12-04:00,04/13 19:11:12,"Misc, no loc",#N/A,Misc,no loc,,#N/A,,blank-postcards-set-3-tiff,,#N/A,1,FALSE
5.1.50 1pgs.tiff,2026:04:13 19:17:06-04:00,04/13 19:17:06,"Misc, hollywood",5/1/1950,Misc,hollywood,,1,,5-1-50-1pgs-tiff,,,1,FALSE
7.18.51 1pgs.tiff,2026:04:13 19:19:02-04:00,04/13 19:19:02,"jordan family, pembroke",7/18/1951,jordan family,pembroke,,1,,7-18-51-1pgs-tiff,,,1,FALSE
7.14.53 1pgs.tiff,2026:04:13 19:20:49-04:00,04/13 19:20:49,"carol, lake junaluska nc",7/14/1953,carol,lake junaluska nc,,1,,7-14-53-1pgs-tiff,,,1,FALSE
6.8.53 1pgs.tiff,2026:04:13 19:22:43-04:00,04/13 19:22:43,"kay, washington dc",6/8/1953,kay,washington dc,,1,,6-8-53-1pgs-tiff,,,1,FALSE
7.2.53 1pgs.tiff,2026:04:13 19:24:18-04:00,04/13 19:24:18,"carolyn, postcard, sidney ny",7/2/1953,carolyn,sidney ny,postcard,1,,7-2-53-1pgs-tiff,,,1,FALSE
6.20.53 1pgs 2nd.tiff,2026:04:13 19:26:19-04:00,04/13 19:26:19,"francis ann, postcard, nyc",6/20/1953,francis ann,nyc,postcard,1,,6-20-53-1pgs-2nd-tiff,,,1,FALSE
 6.20.53 1pgs fats.tiff,2026:04:13 19:31:00-04:00,04/13 19:31:00,"fats, postcard, binghamton ny",#N/A,fats,binghamton ny,postcard,1,,6-20-53-1pgs-fats-tiff,,,1,FALSE
6.20.53 1pgs.tiff,2026:04:13 19:32:43-04:00,04/13 19:32:43,"rosie, postcard, nyc",6/20/1953,rosie,nyc,postcard,1,,6-20-53-1pgs-tiff,,,1,FALSE
6.22.53 1pgs.tiff,2026:04:13 19:34:16-04:00,04/13 19:34:16,"francis ann, postcard, dayton ohio",6/22/1953,francis ann,dayton ohio,postcard,1,,6-22-53-1pgs-tiff,,,1,FALSE
6.15.53 1pgs.tiff,2026:04:13 19:36:54-04:00,04/13 19:36:54,"mother, pembroke",6/15/1953,mother,pembroke,,1,,6-15-53-1pgs-tiff,,,1,FALSE
6.?.53 1pgs.tiff,2026:04:13 19:38:33-04:00,04/13 19:38:33,"kay, washington dc",#N/A,kay,washington dc,,1,,6-53-1pgs-tiff,,,1,FALSE
6.53 1pgs 2nd.tiff,2026:04:13 19:40:12-04:00,04/13 19:40:12,"kay, washington dc",#N/A,kay,washington dc,,1,,6-53-1pgs-2nd-tiff,,,1,FALSE
8.1.53 1pgs.tiff,2026:04:13 19:41:38-04:00,04/13 19:41:38,"mother, pembroke",8/1/1953,mother,pembroke,,1,,8-1-53-1pgs-tiff,,,1,FALSE
6.5.53 1pgs.tiff,2026:04:13 19:43:30-04:00,04/13 19:43:30,"mother, pembroke",6/5/1953,mother,pembroke,,1,,6-5-53-1pgs-tiff,,,1,FALSE
7.15.54 1pgs.tiff,2026:04:13 19:45:05-04:00,04/13 19:45:05,"boy, amarillo texas",7/15/1954,boy,amarillo texas,,1,,7-15-54-1pgs-tiff,,,1,FALSE
7.29.54 1pgs.tiff,2026:04:13 19:46:39-04:00,04/13 19:46:39,"diana, elizabethtown nc",7/29/1954,diana,elizabethtown nc,,1,,7-29-54-1pgs-tiff,,,1,FALSE
8.3.54 1pgs.tiff,2026:04:13 19:48:22-04:00,04/13 19:48:22,"mother, pembroke",8/3/1954,mother,pembroke,,1,,8-3-54-1pgs-tiff,,,1,FALSE
8.2.54 1pgs.tiff,2026:04:13 19:49:30-04:00,04/13 19:49:30,"francis ann, DUPLICATE NAME, pembroke",8/2/1954,francis ann,pembroke,DUPLICATE NAME,1,,8-2-54-1pgs-tiff,,,1,FALSE
8.2.54 1pgs 2nd.tiff,2026:04:13 19:51:00-04:00,04/13 19:51:00,"mother, DUPLICATE NAME, pembroke",8/2/1954,mother,pembroke,DUPLICATE NAME,1,,8-2-54-1pgs-2nd-tiff,,,1,FALSE
8.9.50 1pgs.tiff,2026:04:13 19:52:48-04:00,04/13 19:52:48,"margaret, ellerbe, Gray",8/9/1950,margaret,Gray,ellerbe,1,,8-9-50-1pgs-tiff,,,1,FALSE
6.13.51 1pgs.tiff,2026:04:13 19:53:40-04:00,04/13 19:53:40,"pam, DUPLICATE NAME, jackson alabama",6/13/1951,pam,jackson alabama,DUPLICATE NAME,1,,6-13-51-1pgs-tiff,,,1,FALSE
6.13.51 1pgs 2nd.tiff,2026:04:13 19:55:29-04:00,04/13 19:55:29,"ella, DUPLICATE NAME, new bern nc",6/13/1951,ella,new bern nc,DUPLICATE NAME,1,,6-13-51-1pgs-2nd-tiff,,,1,FALSE
10.2.51 1pgs.tiff,2026:04:13 19:57:14-04:00,04/13 19:57:14,"penpals, newport ky",10/2/1951,penpals,newport ky,,1,,10-2-51-1pgs-tiff,,,1,FALSE
6.18.51 1pgs.tiff,2026:04:16 14:34:17-04:00,04/16 14:34:17,"caroline, red springs",6/18/1951,caroline,red springs,,1,,6-18-51-1pgs-tiff,,,1,FALSE
10.26.51 1pgs.tiff,2026:04:16 14:35:52-04:00,04/16 14:35:52,"ella, aberdeen nc",10/26/1951,ella,aberdeen nc,,1,,10-26-51-1pgs-tiff,,,1,FALSE
7.13.54 1pgs.tiff,2026:04:16 14:37:33-04:00,04/16 14:37:33,"carolyn, postcard, myrtle beach sc",7/13/1954,carolyn,myrtle beach sc,postcard,1,,7-13-54-1pgs-tiff,,,1,FALSE
9.7.51 1pgs.tiff,2026:04:16 14:38:59-04:00,04/16 14:38:59,"mrs adams, red springs",9/7/1951,mrs adams,red springs,,1,,9-7-51-1pgs-tiff,,,1,FALSE
10.15.51 1pgs.tiff,2026:04:16 14:40:40-04:00,04/16 14:40:40,"pauline, newport ky",10/15/1951,pauline,newport ky,,1,,10-15-51-1pgs-tiff,,,1,FALSE
9.12.51 1pgs.tiff,2026:04:16 14:42:14-04:00,04/16 14:42:14,"pauline, newport ky",9/12/1951,pauline,newport ky,,1,,9-12-51-1pgs-tiff,,,1,FALSE
8.7.51 2pgs.tiff,2026:04:16 14:46:28-04:00,04/16 14:46:28,"jean, postcard, jackson alabama",8/7/1951,jean,jackson alabama,postcard,2,,8-7-51-2pgs-tiff,,multiple,1,FALSE
7.9.51 2pgs.tiff,2026:04:16 14:48:16-04:00,04/16 14:48:16,"jean, postcard, jackson alabama",7/9/1951,jean,jackson alabama,postcard,2,,7-9-51-2pgs-tiff,,multiple,1,FALSE
6.10.52 2pgs.tiff,2026:04:16 14:49:08-04:00,04/16 14:49:08,"carolyne, DUPLICATE NAME, red springs",6/10/1952,carolyne,red springs,DUPLICATE NAME,2,,6-10-52-2pgs-tiff,,multiple,1,FALSE
6.10.52 2pgs 2nd.tiff,2026:04:16 14:50:40-04:00,04/16 14:50:40,"mother, daddy, postcard, DUPLICATE NAME, richmond va",6/10/1952,mother,richmond va,"daddy, postcard, DUPLICATE NAME",2,,6-10-52-2pgs-2nd-tiff,,multiple,1,FALSE
4.25.50 2pgs.tiff,2026:04:16 14:52:18-04:00,04/16 14:52:18,"mother, postcard, atlanta ga",4/25/1950,mother,atlanta ga,postcard,2,,4-25-50-2pgs-tiff,,multiple,1,FALSE
6.29.50 2pgs.tiff,2026:04:16 14:54:18-04:00,04/16 14:54:18,"daddy, postcard, myrtle beach sc",6/29/1950,daddy,myrtle beach sc,postcard,2,,6-29-50-2pgs-tiff,,multiple,1,FALSE
6.19.50 2pgs.tiff,2026:04:16 14:55:57-04:00,04/16 14:55:57,"daddy, postcard, ocean drive beach sc",6/19/1950,daddy,ocean drive beach sc,postcard,2,,6-19-50-2pgs-tiff,,multiple,1,FALSE
8.2.? 2pgs.tiff,2026:04:17 14:07:42-04:00,04/17 14:07:42,"mother, postcard, raleigh",#N/A,mother,raleigh,postcard,2,,8-2-2pgs-tiff,,multiple,1,FALSE
7.20.50 2pgs.tiff,2026:04:17 14:09:24-04:00,04/17 14:09:24,"mother, postcard, fort bragg nc",7/20/1950,mother,fort bragg nc,postcard,2,,7-20-50-2pgs-tiff,,multiple,1,FALSE
7.29.50 2pgs.tiff,2026:04:17 14:10:59-04:00,04/17 14:10:59,"sue, postcard, richmond va",7/29/1950,sue,richmond va,postcard,2,,7-29-50-2pgs-tiff,,multiple,1,FALSE
12.7.51 2pgs.tiff,2026:04:17 14:12:48-04:00,04/17 14:12:48,"fats, postcard, clevland ohio",12/7/1951,fats,clevland ohio,postcard,2,,12-7-51-2pgs-tiff,,multiple,1,FALSE
6.21.55 2pgs 2nd .tiff,2026:04:17 14:16:03-04:00,04/17 14:16:03,"ruth, postcard, DUPLICATE NAME, crescent beach sc",6/21/1955,ruth,crescent beach sc,"postcard, DUPLICATE NAME",2,,6-21-55-2pgs-2nd-tiff,,multiple,1,FALSE
6.20.51 2pgs fats.tiff,2026:04:17 14:18:36-04:00,04/17 14:18:36,"fats, postcard, new orleans",6/20/1951,fats,new orleans,postcard,2,,6-20-51-2pgs-fats-tiff,,multiple,1,FALSE
4.20.maybe 61 2pgs.tiff,2026:04:17 14:22:03-04:00,04/17 14:22:03,"margaret, postcard, savannah beach ga",#N/A,margaret,savannah beach ga,postcard,2,,4-20-maybe-61-2pgs-tiff,,multiple,1,FALSE
6.21.55 2pgs.tiff,2026:04:17 14:23:40-04:00,04/17 14:23:40,"mrs. amanda adams, postcard, DUPLICATE NAME, NO COPY OF DUPLICATE, red springs",6/21/1955,mrs. amanda adams,red springs,"postcard, DUPLICATE NAME, NO COPY OF DUPLICATE",2,,6-21-55-2pgs-tiff,,multiple,1,FALSE
6.21.? 2pgs.tiff,2026:04:17 14:25:17-04:00,04/17 14:25:17,"carolyne, postcard, DUPLICATE NAME, holden beach nc",#N/A,carolyne,holden beach nc,"postcard, DUPLICATE NAME",2,,6-21-2pgs-tiff,,multiple,1,FALSE
7.?.51 2pgs.tiff,2026:04:17 14:27:19-04:00,04/17 14:27:19,"kay, carol, postcard, de land fl",#N/A,kay,de land fl,"carol, postcard",2,,7-51-2pgs-tiff,,multiple,1,FALSE
12.26.50 2pgs from cuba.tiff,2026:04:17 14:30:43-04:00,04/17 14:30:43,"ruth mcarthur, postcard, habana cuba",12/26/1950,ruth mcarthur,habana cuba,postcard,2,,12-26-50-2pgs-from-cuba-tiff,,multiple,1,FALSE
12.25.51 2pgs.tiff,2026:04:17 14:32:42-04:00,04/17 14:32:42,"ruth, postcard, miami beach fl",12/25/1951,ruth,miami beach fl,postcard,2,,12-25-51-2pgs-tiff,,multiple,1,FALSE
9.9.52 2pgs.tiff,2026:04:17 14:34:33-04:00,04/17 14:34:33,"ruby, postcard, martinsville va",9/9/1952,ruby,martinsville va,postcard,2,,9-9-52-2pgs-tiff,,multiple,1,FALSE
12.1.52 2pgs.tiff,2026:04:17 14:36:32-04:00,04/17 14:36:32,"ruby, postcard, havana fl",12/1/1952,ruby,havana fl,postcard,2,,12-1-52-2pgs-tiff,,multiple,1,FALSE
11.29.55 2pgs.tiff,2026:04:17 14:38:06-04:00,04/17 14:38:06,"ernie, postcard, fall river mass",11/29/1955,ernie,fall river mass,postcard,2,,11-29-55-2pgs-tiff,,multiple,1,FALSE
8.19.55 2pgs.tiff,2026:04:17 14:40:03-04:00,04/17 14:40:03,"francis ann, postcard, durham nc",8/19/1955,francis ann,durham nc,postcard,2,,8-19-55-2pgs-tiff,,multiple,1,FALSE
7.20.54 2pgs.tiff,2026:04:17 14:41:46-04:00,04/17 14:41:46,"beth, postcard, eontana dam nc",7/20/1954,beth,eontana dam nc,postcard,2,,7-20-54-2pgs-tiff,,multiple,1,FALSE
8.23.54 1pgs giant postcard.tiff,2026:04:17 14:45:24-04:00,04/17 14:45:24,"mother, postcard, pensacola",8/23/1954,mother,pensacola,postcard,1,,8-23-54-1pgs-giant-postcard-tiff,,,1,FALSE
unknown date 4pgs valentine.tiff,2026:04:17 14:52:02-04:00,04/17 14:52:02,"helen hayes, no loc",#N/A,helen hayes,no loc,,4,,unknown-date-4pgs-valentine-tiff,,multiple,1,FALSE
4.27.55 1pgs.tiff,2026:04:17 14:54:13-04:00,04/17 14:54:13,"allen, beaufort nc",4/27/1955,allen,beaufort nc,,1,,4-27-55-1pgs-tiff,,,1,FALSE
8.27.51 2pgs.tiff,2026:04:17 15:03:27-04:00,04/17 15:03:27,"penpals, bedford iowa",8/27/1951,penpals,bedford iowa,,2,,8-27-51-2pgs-tiff,,multiple,1,FALSE
6.7.56 2pgs.tiff,2026:04:17 15:06:10-04:00,04/17 15:06:10,"betsy, red springs",6/7/1956,betsy,red springs,,2,,6-7-56-2pgs-tiff,,multiple,1,FALSE
11.1.51 2pgs.tiff,2026:04:17 15:09:23-04:00,04/17 15:09:23,"penpals, akron ohio",11/1/1951,penpals,akron ohio,,2,,11-1-51-2pgs-tiff,,multiple,1,FALSE
7.11.55 2pgs.tiff,2026:04:17 16:35:42-04:00,04/17 16:35:42,"gail, lumberton nc",7/11/1955,gail,lumberton nc,,2,,7-11-55-2pgs-tiff,,multiple,1,FALSE
12.28.51 1pgs.tiff,2026:04:17 16:37:55-04:00,04/17 16:37:55,"penpals, arrington kansas",12/28/1951,penpals,arrington kansas,,1,,12-28-51-1pgs-tiff,,,1,FALSE
8.10.55 3pgs.tiff,2026:04:17 16:41:10-04:00,04/17 16:41:10,"francis ann, pembroke",8/10/1955,francis ann,pembroke,,3,,8-10-55-3pgs-tiff,,multiple,1,FALSE
8.8.55 2pgs.tiff,2026:04:17 16:44:49-04:00,04/17 16:44:49,"gin, DUPLICATE NAME, red springs",8/8/1955,gin,red springs,DUPLICATE NAME,2,,8-8-55-2pgs-tiff,,multiple,1,FALSE
8.8.55 2pgs 2nd.tiff,2026:04:17 16:49:33-04:00,04/17 16:49:33,"carolyne, DUPLICATE NAME, red springs",8/8/1955,carolyne,red springs,DUPLICATE NAME,2,,8-8-55-2pgs-2nd-tiff,,multiple,1,FALSE
8.8.55 2pgs 3rd.tiff,2026:04:17 16:52:26-04:00,04/17 16:52:26,"margaret, DUPLICATE NAME, red springs",8/8/1955,margaret,red springs,DUPLICATE NAME,2,,8-8-55-2pgs-3rd-tiff,,multiple,1,FALSE
list of names.tiff,2026:04:17 16:53:22-04:00,04/17 16:53:22,"Misc, no loc",#N/A,Misc,no loc,,#N/A,,list-of-names-tiff,,#N/A,1,FALSE
6.28.55 2pgs.tiff,2026:04:17 16:55:50-04:00,04/17 16:55:50,"rosie, pembroke",6/28/1955,rosie,pembroke,,2,,6-28-55-2pgs-tiff,,multiple,1,FALSE
8.8.55 2pgs 4th .tiff,2026:04:17 16:59:26-04:00,04/17 16:59:26,"charlotte, DUPLICATE NAME, red springs",8/8/1955,charlotte,red springs,DUPLICATE NAME,2,,8-8-55-2pgs-4th-tiff,,multiple,1,FALSE
8.6.56 2pgs.tiff,2026:04:17 17:02:55-04:00,04/17 17:02:55,"helen, red springs",8/6/1956,helen,red springs,,2,,8-6-56-2pgs-tiff,,multiple,1,FALSE
valentine 3pgs blank envelope.tiff,2026:04:27 16:34:01-04:00,04/27 16:34:01,"mother, no loc",#N/A,mother,no loc,,3,,valentine-3pgs-blank-envelope-tiff,,multiple,1,FALSE
8.1.55 2pgs.tiff,2026:04:27 16:39:02-04:00,04/27 16:39:02,"bell monroe, pembroke",8/1/1955,bell monroe,pembroke,,2,,8-1-55-2pgs-tiff,,multiple,1,FALSE
7.1.55 4pgs.tiff,2026:04:27 16:43:08-04:00,04/27 16:43:08,"francis ann, pembroke",7/1/1955,francis ann,pembroke,,4,,7-1-55-4pgs-tiff,,multiple,1,FALSE
8.6.55 1pgs.tiff,2026:04:27 16:45:14-04:00,04/27 16:45:14,"gail, lumberton nc",8/6/1955,gail,lumberton nc,,1,,8-6-55-1pgs-tiff,,,1,FALSE
7.30.55 2pgs.tiff,2026:04:27 16:51:21-04:00,04/27 16:51:21,"margaret, red springs",7/30/1955,margaret,red springs,,2,,7-30-55-2pgs-tiff,,multiple,1,FALSE
Unknown date 1pgs no envelope.tiff,2026:04:27 16:52:48-04:00,04/27 16:52:48,"margaret, no loc",#N/A,margaret,no loc,,1,,unknown-date-1pgs-no-envelope-tiff,,,1,FALSE
7.26.55 2pgs .tiff,2026:04:27 16:57:01-04:00,04/27 16:57:01,"carol, pembroke",7/26/1955,carol,pembroke,,2,,7-26-55-2pgs-tiff,,multiple,1,FALSE
7.30.55 3pgs.tiff,2026:04:27 16:59:44-04:00,04/27 16:59:44,"carolyne, red springs, Gray",7/30/1955,carolyne,Gray,red springs,3,,7-30-55-3pgs-tiff,,multiple,1,FALSE
7.30.55 3pgs 2nd .tiff,2026:04:27 17:15:42-04:00,04/27 17:15:42,"eleanor, DUPLICATE NAME, red springs",7/30/1955,eleanor,red springs,DUPLICATE NAME,3,,7-30-55-3pgs-2nd-tiff,,multiple,1,FALSE
7.23.55 2pgs.tiff,2026:04:27 17:18:54-04:00,04/27 17:18:54,"eleanor, sis, red springs",7/23/1955,eleanor,red springs,sis,2,,7-23-55-2pgs-tiff,,multiple,1,FALSE
7.21.55 2pgs.tiff,2026:04:27 17:22:00-04:00,04/27 17:22:00,"mrs adams, red springs",7/21/1955,mrs adams,red springs,,2,,7-21-55-2pgs-tiff,,multiple,1,FALSE
7.7.55 2pgs.tiff,2026:04:27 17:25:43-04:00,04/27 17:25:43,"cindy, red springs",7/7/1955,cindy,red springs,,2,,7-7-55-2pgs-tiff,,multiple,1,FALSE
7.4.55 3pgs.tiff,2026:04:27 17:29:49-04:00,04/27 17:29:49,"margaret, red springs",7/4/1955,margaret,red springs,,3,,7-4-55-3pgs-tiff,,multiple,1,FALSE
7.2.55 3pgs.tiff,2026:04:27 17:33:14-04:00,04/27 17:33:14,"helen, red springs",7/2/1955,helen,red springs,,3,,7-2-55-3pgs-tiff,,multiple,1,FALSE
6.30.55 4pgs.tiff,2026:04:27 17:37:39-04:00,04/27 17:37:39,"keith, red springs",6/30/1955,keith,red springs,,4,,6-30-55-4pgs-tiff,,multiple,1,FALSE
6.29.55 3pgs.tiff,2026:04:27 17:41:28-04:00,04/27 17:41:28,"charlotte, red springs",6/29/1955,charlotte,red springs,,3,,6-29-55-3pgs-tiff,,multiple,1,FALSE
6.27.55 2pgs.tiff,2026:04:27 17:46:27-04:00,04/27 17:46:27,"nancy, DUPLICATE NAME, wilmington nc",6/27/1955,nancy,wilmington nc,DUPLICATE NAME,2,,6-27-55-2pgs-tiff,,multiple,1,FALSE
6.27.55 2pgs 2nd.tiff,2026:04:27 17:48:35-04:00,04/27 17:48:35,"carolyn, DUPLICATE NAME, red springs",6/27/1955,carolyn,red springs,DUPLICATE NAME,2,,6-27-55-2pgs-2nd-tiff,,multiple,1,FALSE
6.26.55 2pgs.tiff,2026:04:27 17:51:40-04:00,04/27 17:51:40,"sis, red springs",6/26/1955,sis,red springs,,2,,6-26-55-2pgs-tiff,,multiple,1,FALSE
6.21.55 4pgs.tiff,2026:04:27 17:56:44-04:00,04/27 17:56:44,"francis ann, pembroke",6/21/1955,francis ann,pembroke,,4,,6-21-55-4pgs-tiff,,multiple,1,FALSE
6.17.55 2pgs.tiff,2026:04:27 18:03:30-04:00,04/27 18:03:30,"charlotte, red springs",6/17/1955,charlotte,red springs,,2,,6-17-55-2pgs-tiff,,multiple,1,FALSE
6.16.55 2pgs.tiff,2026:04:27 18:04:55-04:00,04/27 18:04:55,"sis, DUPLICATE NAME, red springs",6/16/1955,sis,red springs,DUPLICATE NAME,2,,6-16-55-2pgs-tiff,,multiple,1,FALSE
6.16.55 2pgs 2nd.tiff,2026:04:27 18:07:10-04:00,04/27 18:07:10,"ruth, DUPLICATE NAME, red springs",6/16/1955,ruth,red springs,DUPLICATE NAME,2,,6-16-55-2pgs-2nd-tiff,,multiple,1,FALSE
6.13.55 2pgs.tiff,2026:04:27 18:08:25-04:00,04/27 18:08:25,"helen, DUPLICATE NAME, red springs",6/13/1955,helen,red springs,DUPLICATE NAME,2,,6-13-55-2pgs-tiff,,multiple,1,FALSE
6.13.55 2pgs 2nd.tiff,2026:04:27 18:10:24-04:00,04/27 18:10:24,"carol, DUPLICATE NAME, pembroke",6/13/1955,carol,pembroke,DUPLICATE NAME,2,,6-13-55-2pgs-2nd-tiff,,multiple,1,FALSE
6.21.55 3pgs.tiff,2026:04:27 18:13:33-04:00,04/27 18:13:33,"carolyne, red springs",6/21/1955,carolyne,red springs,,3,,6-21-55-3pgs-tiff,,multiple,1,FALSE
1pgs no envelope 2nd.tiff,2026:05:15 17:57:00-04:00,05/15 17:57:00,"betty gray, sexton, no loc",#N/A,betty gray,no loc,sexton,1,,1pgs-no-envelope-2nd-tiff,,,1,FALSE
1pgs no envelope.tiff,2026:05:15 17:59:06-04:00,05/15 17:59:06,"prayer, no loc",#N/A,prayer,no loc,,1,,1pgs-no-envelope-tiff,,,1,FALSE
10.30.58 4pgs.tiff,2026:05:15 18:05:47-04:00,05/15 18:05:47,"hazel, pembroke",10/30/1958,hazel,pembroke,,4,,10-30-58-4pgs-tiff,,multiple,1,FALSE
 11.28.56 1pgs.tiff,2026:05:15 18:08:23-04:00,05/15 18:08:23,"mother, postcard, raleigh",#N/A,mother,raleigh,postcard,1,,11-28-56-1pgs-tiff,,,1,FALSE
8.11.55 3pgs.tiff,2026:05:15 18:12:57-04:00,05/15 18:12:57,"methodist, durham nc",8/11/1955,methodist,durham nc,,3,,8-11-55-3pgs-tiff,,multiple,1,FALSE
11.26.56 3pgs env.32.tiff,2026:05:15 18:19:53-04:00,05/15 18:19:53,"mother, pembroke",11/26/1956,mother,pembroke,,3,32,11-26-56-3pgs-env-32-tiff,,multiple,1,FALSE
11.27.56 2pgs env.33.tiff,2026:05:15 18:25:15-04:00,05/15 18:25:15,"mother, pembroke",11/27/1956,mother,pembroke,,2,33,11-27-56-2pgs-env-33-tiff,,multiple,1,FALSE
10.20.56 4pgs env. 19.tiff,2026:05:18 12:24:27-04:00,05/18 12:24:27,"mother, no loc",10/20/1956,mother,no loc,,4,19,10-20-56-4pgs-env-19-tiff,,multiple,1,FALSE
10.23.56 2pgs env. 20.tiff,2026:05:18 12:28:21-04:00,05/18 12:28:21,"mother, pembroke",10/23/1956,mother,pembroke,,2,20,10-23-56-2pgs-env-20-tiff,,multiple,1,FALSE
10.23.56 2pgs env. 21.tiff,2026:05:18 12:32:04-04:00,05/18 12:32:04,"mother, pembroke",10/23/1956,mother,pembroke,,2,21,10-23-56-2pgs-env-21-tiff,,multiple,1,FALSE
10.24.56 1pgs env. 22.tiff,2026:05:18 12:34:16-04:00,05/18 12:34:16,"mother, pembroke",10/24/1956,mother,pembroke,,1,22,10-24-56-1pgs-env-22-tiff,,,1,FALSE
10.24.56 2pgs env. 23.tiff,2026:05:18 12:37:34-04:00,05/18 12:37:34,"mother, pembroke",10/24/1956,mother,pembroke,,2,23,10-24-56-2pgs-env-23-tiff,,multiple,1,FALSE
10.25.56 2pgs env. 24.tiff,2026:05:18 12:41:27-04:00,05/18 12:41:27,"mother, pembroke",10/25/1956,mother,pembroke,,2,24,10-25-56-2pgs-env-24-tiff,,multiple,1,FALSE
10.29.56 2pgs env. 25.tiff,2026:05:18 12:44:44-04:00,05/18 12:44:44,"mother, pembroke",10/29/1956,mother,pembroke,,2,25,10-29-56-2pgs-env-25-tiff,,multiple,1,FALSE
10.31.56 3pgs env. 26.tiff,2026:05:18 12:48:41-04:00,05/18 12:48:41,"mother, pembroke",10/31/1956,mother,pembroke,,3,26,10-31-56-3pgs-env-26-tiff,,multiple,1,FALSE
11.1.56 2pgs env. 27.tiff,2026:05:18 12:52:16-04:00,05/18 12:52:16,"mother, pembroke",11/1/1956,mother,pembroke,,2,27,11-1-56-2pgs-env-27-tiff,,multiple,1,FALSE
11.3.56 4pgs env. 28.tiff,2026:05:18 14:45:29-04:00,05/18 14:45:29,"mother, pembroke",11/3/1956,mother,pembroke,,4,28,11-3-56-4pgs-env-28-tiff,,multiple,1,FALSE
11.13.56 2pgs env. 29.tiff,2026:05:18 14:52:07-04:00,05/18 14:52:07,"mother, pembroke",11/13/1956,mother,pembroke,,2,29,11-13-56-2pgs-env-29-tiff,,multiple,1,FALSE
11.15.56 1pgs env. 30.tiff,2026:05:18 14:55:07-04:00,05/18 14:55:07,"mother, pembroke",11/15/1956,mother,pembroke,,1,30,11-15-56-1pgs-env-30-tiff,,,1,FALSE
11.15.56 3pgs env. 31.tiff,2026:05:18 15:00:44-04:00,05/18 15:00:44,"mother, carosel, pembroke",11/15/1956,mother,pembroke,carosel,3,31,11-15-56-3pgs-env-31-tiff,,multiple,1,FALSE
11.29.56 3pgs env. 34.tiff,2026:05:18 15:05:41-04:00,05/18 15:05:41,"mother, pembroke",11/29/1956,mother,pembroke,,3,34,11-29-56-3pgs-env-34-tiff,,multiple,1,FALSE
11.30.56 2pgs env. 35.tiff,2026:05:18 15:09:41-04:00,05/18 15:09:41,"mother, pembroke",11/30/1956,mother,pembroke,,2,35,11-30-56-2pgs-env-35-tiff,,multiple,1,FALSE
12.1.56 2pgs env. 36.tiff,2026:05:18 15:13:05-04:00,05/18 15:13:05,"mother, pembroke",12/1/1956,mother,pembroke,,2,36,12-1-56-2pgs-env-36-tiff,,multiple,1,FALSE
12.3.56 3pgs env. 37.tiff,2026:05:18 15:18:26-04:00,05/18 15:18:26,"mother, pembroke",12/3/1956,mother,pembroke,,3,37,12-3-56-3pgs-env-37-tiff,,multiple,1,FALSE
12.3.56 4pgs env. 38.tiff,2026:05:18 15:24:14-04:00,05/18 15:24:14,"mother, pembroke",12/3/1956,mother,pembroke,,4,38,12-3-56-4pgs-env-38-tiff,,multiple,1,FALSE
12.4.56 2pgs env. 39.tiff,2026:05:18 15:28:41-04:00,05/18 15:28:41,"mother, pembroke",12/4/1956,mother,pembroke,,2,39,12-4-56-2pgs-env-39-tiff,,multiple,1,FALSE
12.5.56 2pgs env. 40.tiff,2026:05:18 15:32:10-04:00,05/18 15:32:10,"mother, pembroke",12/5/1956,mother,pembroke,,2,40,12-5-56-2pgs-env-40-tiff,,multiple,1,FALSE
12.7.56 2pgs env. 41.tiff,2026:05:18 17:08:05-04:00,05/18 17:08:05,"mother, pembroke",12/7/1956,mother,pembroke,,2,41,12-7-56-2pgs-env-41-tiff,,multiple,1,FALSE
12.8.56 1pgs env. 42.tiff,2026:05:18 17:10:28-04:00,05/18 17:10:28,"mother, pembroke",12/8/1956,mother,pembroke,,1,42,12-8-56-1pgs-env-42-tiff,,,1,FALSE
12.9.56 1pgs env. 43.tiff,2026:05:18 17:13:11-04:00,05/18 17:13:11,"mother, pembroke",12/9/1956,mother,pembroke,,1,43,12-9-56-1pgs-env-43-tiff,,,1,FALSE
12.10.56 1pgs env. 44.tiff,2026:05:18 17:15:52-04:00,05/18 17:15:52,"mother, pembroke",12/10/1956,mother,pembroke,,1,44,12-10-56-1pgs-env-44-tiff,,,1,FALSE
12.11.56 2pgs env. 45.tiff,2026:05:18 17:19:01-04:00,05/18 17:19:01,"mother, pembroke",12/11/1956,mother,pembroke,,2,45,12-11-56-2pgs-env-45-tiff,,multiple,1,FALSE
12.12.56 1pgs env. 46.tiff,2026:05:18 17:21:29-04:00,05/18 17:21:29,"mother, pembroke",12/12/1956,mother,pembroke,,1,46,12-12-56-1pgs-env-46-tiff,,,1,FALSE
12.13.56 1pgs env. 47.tiff,2026:05:18 17:23:25-04:00,05/18 17:23:25,"mother, pembroke",12/13/1956,mother,pembroke,,1,47,12-13-56-1pgs-env-47-tiff,,,1,FALSE
12.14.56 2pgs env. 48 2pgs.tiff,2026:05:18 17:29:05-04:00,05/18 17:29:05,"mother, pembroke",12/14/1956,mother,pembroke,,2,48 ,12-14-56-2pgs-env-48-2pgs-tiff,,multiple,1,FALSE
12.15.56 1pgs env. 49.tiff,2026:05:18 17:32:00-04:00,05/18 17:32:00,mother,12/15/1956,mother,mother,,1,49,12-15-56-1pgs-env-49-tiff,,,1,FALSE
1.3.57 3pgs env. 50.tiff,2026:05:18 17:37:42-04:00,05/18 17:37:42,"mother, pembroke",1/3/1957,mother,pembroke,,3,50,1-3-57-3pgs-env-50-tiff,,multiple,1,FALSE
1.6.57 2pgs env. 51.tiff,2026:05:24 13:23:57-04:00,05/24 13:23:57,"mother, no loc",1/6/1957,mother,no loc,,2,51,1-6-57-2pgs-env-51-tiff,,multiple,1,FALSE
1.5.57 1pgs env. 52.tiff,2026:05:24 13:28:01-04:00,05/24 13:28:01,"mother, pembroke",1/5/1957,mother,pembroke,,1,52,1-5-57-1pgs-env-52-tiff,,,1,FALSE
1.8.57 3pgs env. 53.tiff,2026:05:24 13:32:58-04:00,05/24 13:32:58,"mother, pembroke",1/8/1957,mother,pembroke,,3,53,1-8-57-3pgs-env-53-tiff,,multiple,1,FALSE
1.11.57 2pgs env. 54.tiff,2026:05:24 13:36:35-04:00,05/24 13:36:35,"mother, pembroke",1/11/1957,mother,pembroke,,2,54,1-11-57-2pgs-env-54-tiff,,multiple,1,FALSE
1.25.57 2pgs env. 55 (1).tiff,2026:05:24 13:39:58-04:00,05/24 13:39:58,"mother, pembroke",1/25/1957,mother,pembroke,,2,55 (1),1-25-57-2pgs-env-55-1-tiff,,multiple,1,FALSE
1.28.57 3pgs env. 56 (2).tiff,2026:05:24 13:46:46-04:00,05/24 13:46:46,"mother, Rescan with iPhone, pembroke",1/28/1957,mother,pembroke,Rescan with iPhone,3,56 (2),1-28-57-3pgs-env-56-2-tiff,,multiple,1,FALSE
1.30.57 1pgs env. 57 (3).tiff,2026:05:24 13:49:46-04:00,05/24 13:49:46,"mother, pensacola",1/30/1957,mother,pensacola,,1,57 (3),1-30-57-1pgs-env-57-3-tiff,,,1,FALSE
2.5.57 3pgs env. 58 (4).tiff,2026:05:24 13:53:26-04:00,05/24 13:53:26,"mother, pembroke",2/5/1957,mother,pembroke,,3,58 (4),2-5-57-3pgs-env-58-4-tiff,,multiple,1,FALSE
2.7.57 1pgs env. 59 (5).tiff,2026:05:24 13:55:47-04:00,05/24 13:55:47,"mother, pembroke",2/7/1957,mother,pembroke,,1,59 (5),2-7-57-1pgs-env-59-5-tiff,,,1,FALSE
2.8.57 3pgs env. 60 (6).tiff,2026:05:24 13:59:23-04:00,05/24 13:59:23,"mother, pembroke",2/8/1957,mother,pembroke,,3,60 (6),2-8-57-3pgs-env-60-6-tiff,,multiple,1,FALSE
2.9.57 1pgs env. 61 (7).tiff,2026:05:24 14:07:35-04:00,05/24 14:07:35,"mother, pembroke",2/9/1957,mother,pembroke,,1,61 (7),2-9-57-1pgs-env-61-7-tiff,,,1,FALSE
2.11.57 2pgs env. 62 (8).tiff,2026:05:24 14:10:52-04:00,05/24 14:10:52,"mother, pembroke",2/11/1957,mother,pembroke,,2,62 (8),2-11-57-2pgs-env-62-8-tiff,,multiple,1,FALSE
2.13.57 1pgs env. 63 (9).tiff,2026:05:24 14:18:12-04:00,05/24 14:18:12,"mother, pembroke",2/13/1957,mother,pembroke,,1,63 (9),2-13-57-1pgs-env-63-9-tiff,,,1,FALSE
2.14.57 2pgs env. 64 (10).tiff,2026:05:24 17:59:03-04:00,05/24 17:59:03,"mother, pembroke",2/14/1957,mother,pembroke,,2,64 (10),2-14-57-2pgs-env-64-10-tiff,,multiple,1,FALSE
2.15.57 1pgs env. 65 (11).tiff,2026:05:24 18:01:17-04:00,05/24 18:01:17,"mother, pembroke",2/15/1957,mother,pembroke,,1,65 (11),2-15-57-1pgs-env-65-11-tiff,,,1,FALSE
2.16.57 1pgs env. 66 (12).tiff,2026:05:24 18:03:26-04:00,05/24 18:03:26,"mother, pembroke",2/16/1957,mother,pembroke,,1,66 (12),2-16-57-1pgs-env-66-12-tiff,,,1,FALSE
2.19.57 2pgs env. 67 (13).tiff,2026:05:24 18:06:05-04:00,05/24 18:06:05,"mother, pembroke",2/19/1957,mother,pembroke,,2,67 (13),2-19-57-2pgs-env-67-13-tiff,,multiple,1,FALSE
2.21.57 2pgs env. 68 (14).tiff,2026:05:24 18:09:00-04:00,05/24 18:09:00,"mother, pembroke",2/21/1957,mother,pembroke,,2,68 (14),2-21-57-2pgs-env-68-14-tiff,,multiple,1,FALSE
2.27.57 1pgs env. 69 (15).tiff,2026:05:24 18:11:05-04:00,05/24 18:11:05,"mother, pembroke",2/27/1957,mother,pembroke,,1,69 (15),2-27-57-1pgs-env-69-15-tiff,,,1,FALSE
3.5.57 2pgs env. 70 (16).tiff,2026:05:24 18:14:24-04:00,05/24 18:14:24,"mother, pembroke",3/5/1957,mother,pembroke,,2,70 (16),3-5-57-2pgs-env-70-16-tiff,,multiple,1,FALSE
3.7.57 3pgs env. 71 (17).tiff,2026:05:24 18:17:57-04:00,05/24 18:17:57,"mother, pembroke",3/7/1957,mother,pembroke,,3,71 (17),3-7-57-3pgs-env-71-17-tiff,,multiple,1,FALSE
3.8.57 2pgs env. 72 (18).tiff,2026:05:24 18:20:59-04:00,05/24 18:20:59,"mother, pembroke",3/8/1957,mother,pembroke,,2,72 (18),3-8-57-2pgs-env-72-18-tiff,,multiple,1,FALSE
3.9.57 2pgs env. 73 (19).tiff,2026:05:24 18:25:25-04:00,05/24 18:25:25,"mother, pembroke",3/9/1957,mother,pembroke,,2,73 (19),3-9-57-2pgs-env-73-19-tiff,,multiple,1,FALSE
3.13.57 2pgs env. 74 (20).tiff,2026:05:24 18:28:36-04:00,05/24 18:28:36,"mother, pembroke",3/13/1957,mother,pembroke,,2,74 (20),3-13-57-2pgs-env-74-20-tiff,,multiple,1,FALSE
3.14.57 2pgs env. 75 (21).tiff,2026:05:24 18:32:33-04:00,05/24 18:32:33,"mother, pembroke",3/14/1957,mother,pembroke,,2,75 (21),3-14-57-2pgs-env-75-21-tiff,,multiple,1,FALSE
3.18.57 1pgs env. 76 (22).tiff,2026:05:24 18:36:31-04:00,05/24 18:36:31,"mother, pembroke",3/18/1957,mother,pembroke,,1,76 (22),3-18-57-1pgs-env-76-22-tiff,,,1,FALSE
3.19.57 3pgs env. 77 (23).tiff,2026:05:24 19:59:45-04:00,05/24 19:59:45,"mother, pembroke",3/19/1957,mother,pembroke,,3,77 (23),3-19-57-3pgs-env-77-23-tiff,,multiple,1,FALSE
3.21.57 1pgs env. 78 (24).tiff,2026:05:24 20:02:36-04:00,05/24 20:02:36,"mother, no loc",3/21/1957,mother,no loc,,1,78 (24),3-21-57-1pgs-env-78-24-tiff,,,1,FALSE
3.27.57 3pgs env. 79 (25).tiff,2026:05:24 20:08:27-04:00,05/24 20:08:27,"mother, no loc",3/27/1957,mother,no loc,,3,79 (25),3-27-57-3pgs-env-79-25-tiff,,multiple,1,FALSE
4.1.57 2pgs env. 80 (26).tiff,2026:05:24 20:11:40-04:00,05/24 20:11:40,"mother, pembroke",4/1/1957,mother,pembroke,,2,80 (26),4-1-57-2pgs-env-80-26-tiff,,multiple,1,FALSE
4.2.57 2pgs env. 81 (27).tiff,2026:05:24 20:14:50-04:00,05/24 20:14:50,"mother, pembroke",4/2/1957,mother,pembroke,,2,81 (27),4-2-57-2pgs-env-81-27-tiff,,multiple,1,FALSE
4.7.57 2pgs env. 85 (31).tiff,2026:05:24 20:18:05-04:00,05/24 20:18:05,"mother, pembroke",4/7/1957,mother,pembroke,,2,85 (31),4-7-57-2pgs-env-85-31-tiff,,multiple,1,FALSE
4.15.57 1pgs env. 87 (33).tiff,2026:05:24 20:20:30-04:00,05/24 20:20:30,"mother, pembroke",4/15/1957,mother,pembroke,,1,87 (33),4-15-57-1pgs-env-87-33-tiff,,,1,FALSE
10.16.56 3pgs env. 17.tiff,2026:05:24 20:26:48-04:00,05/24 20:26:48,"mother, pembroke",10/16/1956,mother,pembroke,,3,17,10-16-56-3pgs-env-17-tiff,,multiple,1,FALSE
10.20.57 2pgs env. 17 (2).tiff,2026:05:24 20:30:13-04:00,05/24 20:30:13,"ruby haskins, elizabethtown nc",10/20/1957,ruby haskins,elizabethtown nc,,2,17 (2),10-20-57-2pgs-env-17-2-tiff,,multiple,1,FALSE
3.21.57 3pgs env. 18 (3).tiff,2026:05:24 20:34:59-04:00,05/24 20:34:59,"ruby haskins, elizabethtown nc",3/21/1957,ruby haskins,elizabethtown nc,,3,18 (3),3-21-57-3pgs-env-18-3-tiff,,multiple,1,FALSE
4.6.57 2pgs env. 18 (3).tiff,2026:05:24 20:39:22-04:00,05/24 20:39:22,"ruby haskins, Ruth Haskins, elizabethtown nc",4/6/1957,ruby haskins,elizabethtown nc,Ruth Haskins,2,18 (3),4-6-57-2pgs-env-18-3-tiff,,multiple,1,FALSE
9.15.56 3pgs env. 2.tiff,2026:05:24 20:43:58-04:00,05/24 20:43:58,"mother, pembroke",9/15/1956,mother,pembroke,,3,2,9-15-56-3pgs-env-2-tiff,,multiple,1,FALSE
9.17.56 2pgs env. 3.tiff,2026:05:26 16:20:13-04:00,05/26 16:20:13,"mother, pembroke",9/17/1956,mother,pembroke,,2,3,9-17-56-2pgs-env-3-tiff,,multiple,1,FALSE
9.18.56 2pgs env. 4.tiff,2026:05:26 16:22:54-04:00,05/26 16:22:54,"mother, pembroke",9/18/1956,mother,pembroke,,2,4,9-18-56-2pgs-env-4-tiff,,multiple,1,FALSE
9.21.56 2pgs env. 5.tiff,2026:05:26 16:25:47-04:00,05/26 16:25:47,"mother, pembroke",9/21/1956,mother,pembroke,,2,5,9-21-56-2pgs-env-5-tiff,,multiple,1,FALSE
9.25.56 5pgs env. 6.tiff,2026:05:26 17:24:36-04:00,05/26 17:24:36,"mother, pembroke",9/25/1956,mother,pembroke,,5,6,9-25-56-5pgs-env-6-tiff,,multiple,1,FALSE
9.26.56 2pgs env. 7.tiff,2026:05:26 17:31:47-04:00,05/26 17:31:47,"mother, pembroke",9/26/1956,mother,pembroke,,2,7,9-26-56-2pgs-env-7-tiff,,multiple,1,FALSE
10.2.56 2pgs env. 8.tiff,2026:05:26 17:35:48-04:00,05/26 17:35:48,"mother, pembroke",10/2/1956,mother,pembroke,,2,8,10-2-56-2pgs-env-8-tiff,,multiple,1,FALSE
10.5.56 2pgs env. 11.tiff,2026:05:26 17:39:09-04:00,05/26 17:39:09,"mother, pembroke",10/5/1956,mother,pembroke,,2,11,10-5-56-2pgs-env-11-tiff,,multiple,1,FALSE
10.9.56 4pgs env. 12.tiff,2026:05:26 17:45:09-04:00,05/26 17:45:09,"mother, pembroke",10/9/1956,mother,pembroke,,4,12,10-9-56-4pgs-env-12-tiff,,multiple,1,FALSE
10.10.56 2pgs env. 13.tiff,2026:05:26 17:50:03-04:00,05/26 17:50:03,"mother, pembroke",10/10/1956,mother,pembroke,,2,13,10-10-56-2pgs-env-13-tiff,,multiple,1,FALSE
10.11.56 3pgs env. 14.tiff,2026:05:26 17:53:35-04:00,05/26 17:53:35,"mother, pembroke",10/11/1956,mother,pembroke,,3,14,10-11-56-3pgs-env-14-tiff,,multiple,1,FALSE
10.11.56 1pgs env. 15.tiff,2026:05:26 17:56:05-04:00,05/26 17:56:05,"mother, pembroke, Gray",10/11/1956,mother,Gray,pembroke,1,15,10-11-56-1pgs-env-15-tiff,,,1,FALSE
10.15.56 2pgs env. 16.tiff,2026:05:26 17:59:04-04:00,05/26 17:59:04,"mother, pembroke",10/15/1956,mother,pembroke,,2,16,10-15-56-2pgs-env-16-tiff,,multiple,1,FALSE
4.4.57 1pgs env. 82 (28).tiff,2026:05:26 18:01:35-04:00,05/26 18:01:35,"mother, pembroke",4/4/1957,mother,pembroke,,1,82 (28),4-4-57-1pgs-env-82-28-tiff,,,1,FALSE
4.6.57 3pgs env. 83 (29).tiff,2026:05:26 18:04:58-04:00,05/26 18:04:58,"mother, pembroke",4/6/1957,mother,pembroke,,3,83 (29),4-6-57-3pgs-env-83-29-tiff,,multiple,1,FALSE
2.16.57 2pgs env. 1 (1).tiff,2026:05:26 18:08:21-04:00,05/26 18:08:21,"charlotte, bladenboro nc",2/16/1957,charlotte,bladenboro nc,,2,1 (1),2-16-57-2pgs-env-1-1-tiff,,multiple,1,FALSE
3.11.57 2pgs env. 2 (2).tiff,2026:05:26 18:12:20-04:00,05/26 18:12:20,"charlotte, bladenboro nc",3/11/1957,charlotte,bladenboro nc,,2,2 (2),3-11-57-2pgs-env-2-2-tiff,,multiple,1,FALSE
9.17.56 betsy 4pgs env. 1.tiff,2026:05:28 18:32:04-04:00,05/28 18:32:04,"betsy, red springs",9/17/1956,betsy,red springs,,4,1,9-17-56-betsy-4pgs-env-1-tiff,,multiple,1,FALSE
bill guy football photo.tiff,2026:05:28 18:34:37-04:00,05/28 18:34:37,"Misc, no loc, photo",#N/A,Misc,photo,no loc,#N/A,,bill-guy-football-photo-tiff,,#N/A,1,FALSE
9.27.56 4pgs betsy env. 2.tiff,2026:05:28 18:40:15-04:00,05/28 18:40:15,"betsy, red springs",9/27/1956,betsy,red springs,,4,2,9-27-56-4pgs-betsy-env-2-tiff,,multiple,1,FALSE
10.9.56 2pgs betsy env. 3.tiff,2026:05:28 18:45:11-04:00,05/28 18:45:11,"betsy, red springs",10/9/1956,betsy,red springs,,2,3,10-9-56-2pgs-betsy-env-3-tiff,,multiple,1,FALSE
10.26.56 2pgs betsy env. 4.tiff,2026:05:28 18:48:23-04:00,05/28 18:48:23,"betsy, red springs",10/26/1956,betsy,red springs,,2,4,10-26-56-2pgs-betsy-env-4-tiff,,multiple,1,FALSE
12.1.56 6pgs betsy env. 5.tiff,2026:05:28 18:56:03-04:00,05/28 18:56:03,"betsy, red springs, Gray",12/1/1956,betsy,Gray,red springs,6,5,12-1-56-6pgs-betsy-env-5-tiff,,multiple,1,FALSE
1.12.57 1pgs betsy env. 6.tiff,2026:05:28 18:59:17-04:00,05/28 18:59:17,"betsy, red springs",1/12/1957,betsy,red springs,,1,6,1-12-57-1pgs-betsy-env-6-tiff,,,1,FALSE
2.5.57 3pgs betsy env. 7 (1).tiff,2026:05:28 19:05:08-04:00,05/28 19:05:08,"betsy, red springs",2/5/1957,betsy,red springs,,3,7 (1),2-5-57-3pgs-betsy-env-7-1-tiff,,multiple,1,FALSE
2.19.57 2pgs betsy env. 8 (2).tiff,2026:05:28 19:08:50-04:00,05/28 19:08:50,"betsy, red springs",2/19/1957,betsy,red springs,,2,8 (2),2-19-57-2pgs-betsy-env-8-2-tiff,,multiple,1,FALSE
3.16.57 empty envelope env. 9 (3).tiff,2026:05:28 19:10:36-04:00,05/28 19:10:36,"Misc, betsy, red springs",3/16/1957,Misc,red springs,betsy,#N/A,9 (3),3-16-57-empty-envelope-env-9-3-tiff,,#N/A,1,FALSE
4.12.57 4pgs betsy env. 10 (4).tiff,2026:05:28 19:15:49-04:00,05/28 19:15:49,"betsy, red springs",4/12/1957,betsy,red springs,,4,10 (4),4-12-57-4pgs-betsy-env-10-4-tiff,,multiple,1,FALSE
9.19.57 2pgs.tiff,2026:05:28 19:18:56-04:00,05/28 19:18:56,"mary belle, bessie, pembroke",9/19/1957,mary belle,pembroke,bessie,2,,9-19-57-2pgs-tiff,,multiple,1,FALSE
label.tiff,2026:05:28 19:20:03-04:00,05/28 19:20:03,"Misc, pembroke",#N/A,Misc,pembroke,,#N/A,,label-tiff,,#N/A,1,FALSE
9.18.56 1pgs.tiff,2026:05:28 19:21:41-04:00,05/28 19:21:41,"mother, pembroke",9/18/1956,mother,pembroke,,1,,9-18-56-1pgs-tiff,,,1,FALSE
10.6.56 1pgs.tiff,2026:05:28 19:23:29-04:00,05/28 19:23:29,"mother, Gray, pembroke",10/6/1956,mother,pembroke,Gray,1,,10-6-56-1pgs-tiff,,,1,FALSE
10.6.56 1pgs 2nd.tiff,2026:05:28 19:25:09-04:00,05/28 19:25:09,"mother, pembroke",10/6/1956,mother,pembroke,,1,,10-6-56-1pgs-2nd-tiff,,,1,FALSE
3.22.57 1pgs env.2(2).tiff,2026:05:28 19:27:15-04:00,05/28 19:27:15,"joyce wood, thomasville nc",3/22/1957,joyce wood,thomasville nc,,1,2(2),3-22-57-1pgs-env-2-2-tiff,,,1,FALSE
4.11.57 1pgs env.3(3).tiff,2026:05:28 19:29:16-04:00,05/28 19:29:16,"joyce wood, thomasville nc",4/11/1957,joyce wood,thomasville nc,,1,3(3),4-11-57-1pgs-env-3-3-tiff,,,1,FALSE
3.20.57 empty envelope.tiff,2026:06:09 10:52:12-04:00,06/09 10:52:12,"?, pensacola",3/20/1957,?,pensacola,,#N/A,,3-20-57-empty-envelope-tiff,,#N/A,1,FALSE
4.10.57 2pgs bowling env. 1.tiff,2026:06:09 10:55:35-04:00,06/09 10:55:35,"sarah, thomasville nc",4/10/1957,sarah,thomasville nc,,2,1,4-10-57-2pgs-bowling-env-1-tiff,,multiple,1,FALSE
5.7.57 bowling 2pgs env. 3.tiff,2026:06:09 10:58:18-04:00,06/09 10:58:18,"?, Gray, thomasville nc",5/7/1957,?,thomasville nc,Gray,2,3,5-7-57-bowling-2pgs-env-3-tiff,,multiple,1,FALSE
5.9.57 1pgs.tiff,2026:06:09 11:02:13-04:00,06/09 11:02:13,"willie, fuquay springs",5/9/1957,willie,fuquay springs,,1,,5-9-57-1pgs-tiff,,,1,FALSE
6.19.58 check 1pgs.tiff,2026:06:09 11:03:43-04:00,06/09 11:03:43,"bank, no loc",6/19/1958,bank,no loc,,1,,6-19-58-check-1pgs-tiff,,,1,FALSE
10.13.58 2pgs.tiff,2026:06:09 11:06:53-04:00,06/09 11:06:53,"helen, greensboro",10/13/1958,helen,greensboro,,2,,10-13-58-2pgs-tiff,,multiple,1,FALSE
9.30.58 2pgs.tiff,2026:06:09 11:11:24-04:00,06/09 11:11:24,"bobby, roxboro nc",9/30/1958,bobby,roxboro nc,,2,,9-30-58-2pgs-tiff,,multiple,1,FALSE
10.6.58 5pgs.tiff,2026:06:09 11:23:09-04:00,06/09 11:23:09,"lois, pembroke",10/6/1958,lois,pembroke,,5,,10-6-58-5pgs-tiff,,multiple,1,FALSE
10.2.58 2pgs.tiff,2026:06:09 11:26:43-04:00,06/09 11:26:43,"sis, chapel hill nc",10/2/1958,sis,chapel hill nc,,2,,10-2-58-2pgs-tiff,,multiple,1,FALSE
10.1.58 3pgs.tiff,2026:06:09 11:31:05-04:00,06/09 11:31:05,"bertha, red springs",10/1/1958,bertha,red springs,,3,,10-1-58-3pgs-tiff,,multiple,1,FALSE
11.12.58 1pgs.tiff,2026:06:09 11:33:36-04:00,06/09 11:33:36,"grandy, pensacola",11/12/1958,grandy,pensacola,,1,,11-12-58-1pgs-tiff,,,1,FALSE
lumberton 8pgs.tiff,2026:06:09 11:42:40-04:00,06/09 11:42:40,"bank, lumberton nc",#N/A,bank,lumberton nc,,8,,lumberton-8pgs-tiff,,multiple,1,FALSE
11.5.58 4pgs.tiff,2026:06:09 11:48:38-04:00,06/09 11:48:38,"ruby, elizabethtown nc",11/5/1958,ruby,elizabethtown nc,,4,,11-5-58-4pgs-tiff,,multiple,1,FALSE
11.5.58 #2 3pgs.tiff,2026:06:09 11:57:46-04:00,06/09 11:57:46,"ruby, elizabethtown nc",11/5/1958,ruby,elizabethtown nc,,3,,11-5-58-2-3pgs-tiff,,multiple,1,FALSE
lumberton bank jan 2.tiff,2026:06:11 19:38:27-04:00,06/11 19:38:27,"bank, lumberton nc",#N/A,bank,lumberton nc,,#N/A,,lumberton-bank-jan-2-tiff,,#N/A,1,FALSE
1.4.59  2pgs.tiff,2026:06:11 19:42:38-04:00,06/11 19:42:38,"annie, asheville nc",1/4/1959,annie,asheville nc,,2,,1-4-59-2pgs-tiff,,multiple,1,FALSE
laundry 3pgs.tiff,2026:06:11 19:46:35-04:00,06/11 19:46:35,"Misc, no loc",#N/A,Misc,no loc,,3,,laundry-3pgs-tiff,,multiple,1,FALSE
10.27.58 982.tiff,2026:06:11 19:48:48-04:00,06/11 19:48:48,"Misc, high point",10/27/1958,Misc,high point,,#N/A,,10-27-58-982-tiff,,#N/A,1,FALSE
4.12.60 3pgs.tiff,2026:06:11 19:52:09-04:00,06/11 19:52:09,"james, greensboro",4/12/1960,james,greensboro,,3,,4-12-60-3pgs-tiff,,multiple,1,FALSE
2.26.61 4gs.tiff,2026:06:11 19:57:18-04:00,06/11 19:57:18,"arnette, red springs",2/26/1961,arnette,red springs,,#N/A,,2-26-61-4gs-tiff,,#N/A,1,FALSE
2.17.61 2gs.tiff,2026:06:11 20:01:53-04:00,06/11 20:01:53,"?, winston salem",2/17/1961,?,winston salem,,#N/A,,2-17-61-2gs-tiff,,#N/A,1,FALSE
2.18.61 3ps.tiff,2026:06:11 20:08:35-04:00,06/11 20:08:35,"frances, north wilkesboro nc",2/18/1961,frances,north wilkesboro nc,,#N/A,,2-18-61-3ps-tiff,,#N/A,1,FALSE
10.16.60 1pgs.tiff,2026:06:11 20:11:27-04:00,06/11 20:11:27,"ben, oklahoma city",10/16/1960,ben,oklahoma city,,1,,10-16-60-1pgs-tiff,,,1,FALSE
10.14.60 1pgs.tiff,2026:06:11 20:15:36-04:00,06/11 20:15:36,"grandmother gray, mobile alabama",10/14/1960,grandmother gray,mobile alabama,,1,,10-14-60-1pgs-tiff,,,1,FALSE
10.16.60 3pgs.tiff,2026:06:11 20:18:44-04:00,06/11 20:18:44,"ginny, Gray, springfield mass",10/16/1960,ginny,springfield mass,Gray,3,,10-16-60-3pgs-tiff,,multiple,1,FALSE
10.17.61 3pgs.tiff,2026:06:12 11:52:27-04:00,06/12 11:52:27,"katie, winston salem",10/17/1961,katie,winston salem,,3,,10-17-61-3pgs-tiff,,multiple,1,FALSE
11.17.60 3pgs.tiff,2026:06:12 11:56:18-04:00,06/12 11:56:18,"Aunt bessie, manchester ct, Gray",11/17/1960,Aunt bessie,Gray,manchester ct,3,,11-17-60-3pgs-tiff,,multiple,1,FALSE
1.1.61 3pgs.tiff,2026:06:12 11:59:48-04:00,06/12 11:59:48,"Aunt bessie, hartford ct",1/1/1961,Aunt bessie,hartford ct,,3,,1-1-61-3pgs-tiff,,multiple,1,FALSE
11.22 ginny no envelope 6pgs.tiff,2026:06:12 12:04:43-04:00,06/12 12:04:43,"ginny, no loc",#N/A,ginny,no loc,,6,,11-22-ginny-no-envelope-6pgs-tiff,,multiple,1,FALSE
8.14.60 1pgs.tiff,2026:06:12 12:08:26-04:00,06/12 12:08:26,"william, high point",8/14/1960,william,high point,,1,,8-14-60-1pgs-tiff,,,1,FALSE
1.4.61 1pgs.tiff,2026:06:12 12:10:56-04:00,06/12 12:10:56,"?, high point",1/4/1961,?,high point,,1,,1-4-61-1pgs-tiff,,,1,FALSE
empty envelope 1.4.61.tiff,2026:06:12 12:12:58-04:00,06/12 12:12:58,"Misc, durham nc",#N/A,Misc,durham nc,,#N/A,,empty-envelope-1-4-61-tiff,,#N/A,1,FALSE
12.24.60 2pgs.tiff,2026:06:12 12:15:09-04:00,06/12 12:15:09,"aunt fannie, greensboro",12/24/1960,aunt fannie,greensboro,,2,,12-24-60-2pgs-tiff,,multiple,1,FALSE
xmas note 2pgs.tiff,2026:06:12 12:17:56-04:00,06/12 12:17:56,"mcneely, xmas, no loc",#N/A,mcneely,no loc,xmas,2,,xmas-note-2pgs-tiff,,multiple,1,FALSE
candy xmas note 2pgs.tiff,2026:06:12 12:20:47-04:00,06/12 12:20:47,"xmas, no loc",#N/A,xmas,no loc,,2,,candy-xmas-note-2pgs-tiff,,multiple,1,FALSE
richie xmas card and doily 3pgs.tiff,2026:06:12 12:25:02-04:00,06/12 12:25:02,"rickie davis, no loc",#N/A,rickie davis,no loc,,3,,richie-xmas-card-and-doily-3pgs-tiff,,multiple,1,FALSE
xmas card 2pgs wilson.tiff,2026:06:12 12:27:59-04:00,06/12 12:27:59,"webb, xmas, no loc",#N/A,webb,no loc,xmas,2,,xmas-card-2pgs-wilson-tiff,,multiple,1,FALSE
xmas card 12.8.60.tiff,2026:06:12 12:32:15-04:00,06/12 12:32:15,"grandmother, xmas, manchester ct",#N/A,grandmother,manchester ct,xmas,#N/A,,xmas-card-12-8-60-tiff,,#N/A,1,FALSE
12.13.60 1pgs.tiff,2026:06:12 12:38:17-04:00,06/12 12:38:17,"charles, winston salem",12/13/1960,charles,winston salem,,1,,12-13-60-1pgs-tiff,,,1,FALSE
12.13.60 1pgs sympathy note.tiff,2026:06:12 12:41:27-04:00,06/12 12:41:27,"?, laurel hill",12/13/1960,?,laurel hill,,1,,12-13-60-1pgs-sympathy-note-tiff,,,1,FALSE
9.1.60 3pgs.tiff,2026:06:12 12:45:00-04:00,06/12 12:45:00,"Aunt bessie, manchester ct",9/1/1960,Aunt bessie,manchester ct,,3,,9-1-60-3pgs-tiff,,multiple,1,FALSE
11.15.60 2pgs and doily.tiff,2026:06:12 12:49:17-04:00,06/12 12:49:17,"grandmother, manchester ct",11/15/1960,grandmother,manchester ct,,2,,11-15-60-2pgs-and-doily-tiff,,multiple,1,FALSE
3.21.57 1pgs env.6(3).tiff,2026:06:12 17:16:14-04:00,06/12 17:16:14,"grandmother gray, mobile alabama",3/21/1957,grandmother gray,mobile alabama,,1,6(3),3-21-57-1pgs-env-6-3-tiff,,,1,FALSE
4.30.57 2pgs env.7(4).tiff,2026:06:12 17:19:29-04:00,06/12 17:19:29,"grandmother gray, mobile alabama",4/30/1957,grandmother gray,mobile alabama,,2,7(4),4-30-57-2pgs-env-7-4-tiff,,multiple,1,FALSE
bonnie's story no envelope.tiff,2026:06:12 17:23:51-04:00,06/12 17:23:51,"bonnie, no loc",#N/A,bonnie,no loc,,#N/A,,bonnie-s-story-no-envelope-tiff,,#N/A,1,FALSE
free putt putt.tiff,2026:06:12 17:25:15-04:00,06/12 17:25:15,"Misc, high point",#N/A,Misc,high point,,#N/A,,free-putt-putt-tiff,,#N/A,1,FALSE
3.14.60 3pgs.tiff,2026:06:12 17:29:02-04:00,06/12 17:29:02,"rebecca, greenville nc, kappa delta",3/14/1960,rebecca,kappa delta,greenville nc,3,,3-14-60-3pgs-tiff,,multiple,1,FALSE
3.29.60 2pgs.tiff,2026:06:12 17:31:37-04:00,06/12 17:31:37,"mrs john, troy nc",3/29/1960,mrs john,troy nc,,2,,3-29-60-2pgs-tiff,,multiple,1,FALSE
3.18.61 bday.tiff,2026:06:12 17:34:26-04:00,06/12 17:34:26,"sa'mel, fort bragg nc",3/18/1961,sa'mel,fort bragg nc,,#N/A,,3-18-61-bday-tiff,,#N/A,1,FALSE
12.1.60 2pgs.tiff,2026:06:12 17:37:04-04:00,06/12 17:37:04,"annette, red springs",12/1/1960,annette,red springs,,2,,12-1-60-2pgs-tiff,,multiple,1,FALSE
1.25.61 2pgs.tiff,2026:06:12 17:39:58-04:00,06/12 17:39:58,"annette, red springs",1/25/1961,annette,red springs,,2,,1-25-61-2pgs-tiff,,multiple,1,FALSE
12.28.60 to dale 3pgs.tiff,2026:06:12 17:45:08-04:00,06/12 17:45:08,"dale, high point",12/28/1960,dale,high point,,3,,12-28-60-to-dale-3pgs-tiff,,multiple,1,FALSE
9.24.60 4pgs.tiff,2026:06:12 18:20:51-04:00,06/12 18:20:51,"polly belle, manchester ct",9/24/1960,polly belle,manchester ct,,4,,9-24-60-4pgs-tiff,,multiple,1,FALSE
2.21.57 2pgs env 5(2).tiff,2026:06:12 18:23:34-04:00,06/12 18:23:34,"grandmother gray, mobile alabama",2/21/1957,grandmother gray,mobile alabama,,2,5(2),2-21-57-2pgs-env-5-2-tiff,,multiple,1,FALSE
12.9.60 empty envelope.tiff,2026:06:12 18:25:02-04:00,06/12 18:25:02,"?, mobile alabama",12/9/1960,?,mobile alabama,,#N/A,,12-9-60-empty-envelope-tiff,,#N/A,1,FALSE
1pgs graduate.tiff,2026:06:12 18:26:53-04:00,06/12 18:26:53,"graduation, high point",#N/A,graduation,high point,,1,,1pgs-graduate-tiff,,,1,FALSE
dealer permit 1pgs.tiff,2026:06:12 18:27:50-04:00,06/12 18:27:50,"Misc, no loc",#N/A,Misc,no loc,,1,,dealer-permit-1pgs-tiff,,,1,FALSE
12.19.60 empty envelope.tiff,2026:06:12 18:29:21-04:00,06/12 18:29:21,"?, xmas, north wilkesboro nc",12/19/1960,?,north wilkesboro nc,xmas,#N/A,,12-19-60-empty-envelope-tiff,,#N/A,1,FALSE
2.4.57 1pgs env 4(1).tiff,2026:06:12 18:31:29-04:00,06/12 18:31:29,"grandmother, mobile alabama",2/4/1957,grandmother,mobile alabama,,1,4(1),2-4-57-1pgs-env-4-1-tiff,,,1,FALSE
12.7.57 4pgs env 3.tiff,2026:06:12 18:35:56-04:00,06/12 18:35:56,"grandmother gray, prichard alabama, mobile alabama",12/7/1957,grandmother gray,mobile alabama,prichard alabama,4,3,12-7-57-4pgs-env-3-tiff,,multiple,1,FALSE
10.26.56 2pgs env 1.tiff,2026:06:12 18:39:26-04:00,06/12 18:39:26,"grandmother, grandmother gray, jacksonville fl, Gray",10/26/1956,grandmother,Gray,"grandmother gray, jacksonville fl",2,1,10-26-56-2pgs-env-1-tiff,,multiple,1,FALSE
11.7.56 2pgs env 2.tiff,2026:06:12 18:42:04-04:00,06/12 18:42:04,"grandmother gray, jacksonville fl",11/7/1956,grandmother gray,jacksonville fl,,2,2,11-7-56-2pgs-env-2-tiff,,multiple,1,FALSE
2.14.59 3pgs.tiff,2026:06:13 15:55:35-04:00,06/13 15:55:35,"mrs.k, pembroke",2/14/1959,mrs.k,pembroke,,3,,2-14-59-3pgs-tiff,,multiple,1,FALSE
3.13.58 education board pgs1.tiff,2026:06:13 15:57:42-04:00,06/13 15:57:42,"methodist, nashville tn",3/13/1958,methodist,nashville tn,,#N/A,,3-13-58-education-board-pgs1-tiff,,#N/A,1,FALSE
11.16.58 2pgs.tiff,2026:06:13 16:01:55-04:00,06/13 16:01:55,"anne, greensboro",11/16/1958,anne,greensboro,,2,,11-16-58-2pgs-tiff,,multiple,1,FALSE
3.3.59 2pgs.tiff,2026:06:13 16:04:34-04:00,06/13 16:04:34,"grandy, pensacola",3/3/1959,grandy,pensacola,,2,,3-3-59-2pgs-tiff,,multiple,1,FALSE
2.17.59 2pgs.tiff,2026:06:13 16:07:35-04:00,06/13 16:07:35,"bertha, red springs",2/17/1959,bertha,red springs,,2,,2-17-59-2pgs-tiff,,multiple,1,FALSE
southern bank.tiff,2026:06:13 16:09:53-04:00,06/13 16:09:53,"bank, lumberton nc",#N/A,bank,lumberton nc,,#N/A,,southern-bank-tiff,,#N/A,1,FALSE
methodist cecil 4.27.59.tiff,2026:06:13 16:12:09-04:00,06/13 16:12:09,"methodist, thomasville nc",#N/A,methodist,thomasville nc,,#N/A,,methodist-cecil-4-27-59-tiff,,#N/A,1,FALSE
2.9.59 3pgs.tiff,2026:06:13 16:16:50-04:00,06/13 16:16:50,"ruby, elizabethtown nc",2/9/1959,ruby,elizabethtown nc,,3,,2-9-59-3pgs-tiff,,multiple,1,FALSE
miramink tag.tiff,2026:06:13 16:19:16-04:00,06/13 16:19:16,"Misc, no loc",#N/A,Misc,no loc,,#N/A,,miramink-tag-tiff,,#N/A,1,FALSE
1.17.59 3pgs.tiff,2026:06:13 16:23:07-04:00,06/13 16:23:07,"charlotte, bladenboro nc",1/17/1959,charlotte,bladenboro nc,,3,,1-17-59-3pgs-tiff,,multiple,1,FALSE
10.28.58 2pgs.tiff,2026:06:13 16:26:08-04:00,06/13 16:26:08,"stroo, chapel hill nc",10/28/1958,stroo,chapel hill nc,,2,,10-28-58-2pgs-tiff,,multiple,1,FALSE
2.25.58 3pgs no env 68 (19).tiff,2026:06:13 16:29:59-04:00,06/13 16:29:59,"mother, no loc",2/25/1958,mother,no loc,,3,68 (19),2-25-58-3pgs-no-env-68-19-tiff,,multiple,1,FALSE
2.27.58 2pgs no env 69 (20).tiff,2026:06:13 16:35:22-04:00,06/13 16:35:22,"mother, no loc",2/27/1958,mother,no loc,,2,69 (20),2-27-58-2pgs-no-env-69-20-tiff,,multiple,1,FALSE
3.1.58 4pgs env 71 (22).tiff,2026:06:13 16:45:34-04:00,06/13 16:45:34,"mother, pembroke",3/1/1958,mother,pembroke,,4,71 (22),3-1-58-4pgs-env-71-22-tiff,,multiple,1,FALSE
2.28.58 2pgs env 70 (21).tiff,2026:06:13 16:47:39-04:00,06/13 16:47:39,"mother, pembroke",2/28/1958,mother,pembroke,,2,70 (21),2-28-58-2pgs-env-70-21-tiff,,multiple,1,FALSE
3.6.58 2pgs env 72 (23).tiff,2026:06:13 16:51:11-04:00,06/13 16:51:11,"mother, pembroke",3/6/1958,mother,pembroke,,2,72 (23),3-6-58-2pgs-env-72-23-tiff,,multiple,1,FALSE
3.7.58 2pgs env 73 (24).tiff,2026:06:13 16:55:17-04:00,06/13 16:55:17,"mother, pembroke",3/7/1958,mother,pembroke,,2,73 (24),3-7-58-2pgs-env-73-24-tiff,,multiple,1,FALSE
3.7.58 1pgs env 74 (25).tiff,2026:06:25 12:09:44-04:00,06/25 12:09:44,"mother, pembroke",3/7/1958,mother,pembroke,,1,74 (25),3-7-58-1pgs-env-74-25-tiff,,,1,FALSE
3.9.58 4pgs env 77 (28).tiff,2026:06:25 12:14:37-04:00,06/25 12:14:37,"mother, pensacola",3/9/1958,mother,pensacola,,4,77 (28),3-9-58-4pgs-env-77-28-tiff,,multiple,1,FALSE
3.10.58 1pgs env 80 (31).tiff,2026:06:25 12:16:48-04:00,06/25 12:16:48,"mother, pensacola",3/10/1958,mother,pensacola,,1,80 (31),3-10-58-1pgs-env-80-31-tiff,,,1,FALSE
3.12.58 1pgs env 81 (32).tiff,2026:06:25 12:18:32-04:00,06/25 12:18:32,"mother, pensacola",3/12/1958,mother,pensacola,,1,81 (32),3-12-58-1pgs-env-81-32-tiff,,,1,FALSE
3.13.58 6pgs env 84 (35).tiff,2026:06:25 12:27:49-04:00,06/25 12:27:49,"Misc, wrightsville ga",3/13/1958,Misc,wrightsville ga,,6,84 (35),3-13-58-6pgs-env-84-35-tiff,,multiple,1,FALSE
3.17.58 no envelope env 85 (36).tiff,2026:06:25 12:30:35-04:00,06/25 12:30:35,"mother, no loc",3/17/1958,mother,no loc,,#N/A,85 (36),3-17-58-no-envelope-env-85-36-tiff,,#N/A,1,FALSE
3.19.58 3 pgs env 86 (37).tiff,2026:06:25 12:35:48-04:00,06/25 12:35:48,"mother, pembroke",3/19/1958,mother,pembroke,,3,86 (37),3-19-58-3-pgs-env-86-37-tiff,,multiple,1,FALSE
3.20.58 2pgs env 87 (38).tiff,2026:06:25 12:40:15-04:00,06/25 12:40:15,"mother, pembroke",3/20/1958,mother,pembroke,,2,87 (38),3-20-58-2pgs-env-87-38-tiff,,multiple,1,FALSE
3.22.58 2pgs env 88 (39).tiff,2026:06:25 12:45:12-04:00,06/25 12:45:12,"mother, pembroke",3/22/1958,mother,pembroke,,2,88 (39),3-22-58-2pgs-env-88-39-tiff,,multiple,1,FALSE
3.24.58 1pgs env 89 (40).tiff,2026:06:25 12:47:21-04:00,06/25 12:47:21,"mother, pembroke",3/24/1958,mother,pembroke,,1,89 (40),3-24-58-1pgs-env-89-40-tiff,,,1,FALSE
3.26.58 2pgs env 90 (41).tiff,2026:06:25 12:54:11-04:00,06/25 12:54:11,"mother, INCOMPLETE, pembroke",3/26/1958,mother,pembroke,INCOMPLETE,2,90 (41),3-26-58-2pgs-env-90-41-tiff,,multiple,1,FALSE
3.29.58 2pgs env 91 (42).tiff,2026:06:25 12:57:43-04:00,06/25 12:57:43,"mother, pembroke",3/29/1958,mother,pembroke,,2,91 (42),3-29-58-2pgs-env-91-42-tiff,,multiple,1,FALSE
4.11.58 3pgs env 92 (43).tiff,2026:06:25 13:02:10-04:00,06/25 13:02:10,"mother, pembroke",4/11/1958,mother,pembroke,,3,92 (43),4-11-58-3pgs-env-92-43-tiff,,multiple,1,FALSE
4.12.58 5pgs env 93 (44).tiff,2026:06:25 13:07:15-04:00,06/25 13:07:15,"mother, pembroke",4/12/1958,mother,pembroke,,5,93 (44),4-12-58-5pgs-env-93-44-tiff,,multiple,1,FALSE
4.14.58 2pgs env 94 (45).tiff,2026:06:25 13:11:01-04:00,06/25 13:11:01,"mother, pembroke",4/14/1958,mother,pembroke,,2,94 (45),4-14-58-2pgs-env-94-45-tiff,,multiple,1,FALSE
4.15.58 1pgs env 95 (46).tiff,2026:06:25 13:13:18-04:00,06/25 13:13:18,"mother, pembroke",4/15/1958,mother,pembroke,,1,95 (46),4-15-58-1pgs-env-95-46-tiff,,,1,FALSE
4.16.58 2pgs env 96 (47).tiff,2026:06:25 13:16:13-04:00,06/25 13:16:13,"mother, pembroke",4/16/1958,mother,pembroke,,2,96 (47),4-16-58-2pgs-env-96-47-tiff,,multiple,1,FALSE
4.17.58 2pgs env 97 (48).tiff,2026:06:25 13:19:12-04:00,06/25 13:19:12,"mother, pembroke",4/17/1958,mother,pembroke,,2,97 (48),4-17-58-2pgs-env-97-48-tiff,,multiple,1,FALSE
4.17.58 3pgs env 98 (49).tiff,2026:06:25 13:22:49-04:00,06/25 13:22:49,"mother, pembroke",4/17/1958,mother,pembroke,,3,98 (49),4-17-58-3pgs-env-98-49-tiff,,multiple,1,FALSE
5.8.58 3pgs .tiff,2026:06:26 13:18:12-04:00,06/26 13:18:12,"mother, pembroke",5/8/1958,mother,pembroke,,3,,5-8-58-3pgs-tiff,,multiple,1,FALSE
5.10.58 2pgs .tiff,2026:06:26 13:21:15-04:00,06/26 13:21:15,"mother, pembroke",5/10/1958,mother,pembroke,,2,,5-10-58-2pgs-tiff,,multiple,1,FALSE
5.9.58 2pgs .tiff,2026:06:26 13:24:01-04:00,06/26 13:24:01,"mother, pembroke",5/9/1958,mother,pembroke,,2,,5-9-58-2pgs-tiff,,multiple,1,FALSE
4.30.58 3pgs .tiff,2026:06:26 13:28:23-04:00,06/26 13:28:23,"mother, pembroke",4/30/1958,mother,pembroke,,3,,4-30-58-3pgs-tiff,,multiple,1,FALSE
5.1.58 1pgs .tiff,2026:06:26 13:31:18-04:00,06/26 13:31:18,"mother, pembroke",5/1/1958,mother,pembroke,,1,,5-1-58-1pgs-tiff,,,1,FALSE
5.7.58 1pgs .tiff,2026:06:26 13:33:15-04:00,06/26 13:33:15,"mother, pembroke",5/7/1958,mother,pembroke,,1,,5-7-58-1pgs-tiff,,,1,FALSE
5.7.58 3pgs .tiff,2026:06:26 13:36:38-04:00,06/26 13:36:38,"mother, pembroke",5/7/1958,mother,pembroke,,3,,5-7-58-3pgs-tiff,,multiple,1,FALSE
5.3.58 2pgs .tiff,2026:06:26 13:39:36-04:00,06/26 13:39:36,"mother, no loc",5/3/1958,mother,no loc,,2,,5-3-58-2pgs-tiff,,multiple,1,FALSE
5.2.58 1pgs .tiff,2026:06:26 13:41:54-04:00,06/26 13:41:54,"mother, pembroke",5/2/1958,mother,pembroke,,1,,5-2-58-1pgs-tiff,,,1,FALSE
4.29.58 1pgs .tiff,2026:06:26 13:44:08-04:00,06/26 13:44:08,"mother, pembroke",4/29/1958,mother,pembroke,,1,,4-29-58-1pgs-tiff,,,1,FALSE
4.21.58 3pgs .tiff,2026:06:26 13:47:46-04:00,06/26 13:47:46,"mother, pembroke",4/21/1958,mother,pembroke,,3,,4-21-58-3pgs-tiff,,multiple,1,FALSE
4.19.58 3pgs .tiff,2026:06:26 13:51:49-04:00,06/26 13:51:49,"mother, pembroke",4/19/1958,mother,pembroke,,3,,4-19-58-3pgs-tiff,,multiple,1,FALSE
subscription expiration.tiff,2026:06:26 13:53:19-04:00,06/26 13:53:19,"Misc, no loc",#N/A,Misc,no loc,,#N/A,,subscription-expiration-tiff,,#N/A,1,FALSE
4.22.58 3pgs.tiff,2026:06:26 13:57:07-04:00,06/26 13:57:07,"mother, pembroke",4/22/1958,mother,pembroke,,3,,4-22-58-3pgs-tiff,,multiple,1,FALSE
5.19.58 2pgs.tiff,2026:06:26 14:07:26-04:00,06/26 14:07:26,"mother, pembroke",5/19/1958,mother,pembroke,,2,,5-19-58-2pgs-tiff,,multiple,1,FALSE
9.11.57 2pgs env 1.tiff,2026:06:26 14:11:26-04:00,06/26 14:11:26,"mother, pembroke",9/11/1957,mother,pembroke,,2,1,9-11-57-2pgs-env-1-tiff,,multiple,1,FALSE
9.12.57 4pgs env 2.tiff,2026:06:26 14:17:52-04:00,06/26 14:17:52,"mother, pembroke",9/12/1957,mother,pembroke,,4,2,9-12-57-4pgs-env-2-tiff,,multiple,1,FALSE
9.14.57 2pgs env 3.tiff,2026:06:26 14:21:20-04:00,06/26 14:21:20,"mother, pembroke",9/14/1957,mother,pembroke,,2,3,9-14-57-2pgs-env-3-tiff,,multiple,1,FALSE
9.14.57 2pgs env 4.tiff,2026:06:26 14:25:14-04:00,06/26 14:25:14,"mother, pembroke",9/14/1957,mother,pembroke,,2,4,9-14-57-2pgs-env-4-tiff,,multiple,1,FALSE
9.14.57 2pgs env 5.tiff,2026:06:26 14:28:36-04:00,06/26 14:28:36,"mother, pembroke",9/14/1957,mother,pembroke,,2,5,9-14-57-2pgs-env-5-tiff,,multiple,1,FALSE
9.18.57 4pgs env 6.tiff,2026:06:26 14:33:33-04:00,06/26 14:33:33,"mother, pembroke",9/18/1957,mother,pembroke,,4,6,9-18-57-4pgs-env-6-tiff,,multiple,1,FALSE
9.19.57 2pgs env 7.tiff,2026:06:26 14:37:16-04:00,06/26 14:37:16,"mother, pembroke",9/19/1957,mother,pembroke,,2,7,9-19-57-2pgs-env-7-tiff,,multiple,1,FALSE
9.23.57 4pgs env 8.tiff,2026:06:26 14:41:55-04:00,06/26 14:41:55,"mother, pembroke",9/23/1957,mother,pembroke,,4,8,9-23-57-4pgs-env-8-tiff,,multiple,1,FALSE
9.24.57 3pgs env 9.tiff,2026:06:26 14:45:28-04:00,06/26 14:45:28,"mother, pembroke",9/24/1957,mother,pembroke,,3,9,9-24-57-3pgs-env-9-tiff,,multiple,1,FALSE
12.6.58 3pgs.tiff,2026:07:06 10:37:12-04:00,07/06 10:37:12,"?, greensboro",12/6/1958,?,greensboro,,3,,12-6-58-3pgs-tiff,,multiple,1,FALSE
12.3.58 1pgs.tiff,2026:07:06 10:40:36-04:00,07/06 10:40:36,"Haskins, elizabethtown nc",12/3/1958,Haskins,elizabethtown nc,,1,,12-3-58-1pgs-tiff,,,1,FALSE
12.1.58 checks.tiff,2026:07:06 10:46:37-04:00,07/06 10:46:37,"bank, lumberton nc",12/1/1958,bank,lumberton nc,,#N/A,,12-1-58-checks-tiff,,#N/A,1,FALSE
11.21.58 2pgs.tiff,2026:07:06 10:50:03-04:00,07/06 10:50:03,"helen, greensboro",11/21/1958,helen,greensboro,,2,,11-21-58-2pgs-tiff,,multiple,1,FALSE
10.30.58 methodist.tiff,2026:07:06 10:53:31-04:00,07/06 10:53:31,"methodist, nashville tn",10/30/1958,methodist,nashville tn,,#N/A,,10-30-58-methodist-tiff,,#N/A,1,FALSE
11.3.58 1pgs.tiff,2026:07:06 10:55:39-04:00,07/06 10:55:39,"Misc, attleboro mass",11/3/1958,Misc,attleboro mass,,1,,11-3-58-1pgs-tiff,,,1,FALSE
9.26.58 3pgs.tiff,2026:07:06 11:00:03-04:00,07/06 11:00:03,"betsy, red springs",9/26/1958,betsy,red springs,,3,,9-26-58-3pgs-tiff,,multiple,1,FALSE
9.19.58 2pgs.tiff,2026:07:06 11:03:12-04:00,07/06 11:03:12,"marlene, hays kansas",9/19/1958,marlene,hays kansas,,2,,9-19-58-2pgs-tiff,,multiple,1,FALSE
10.24.58 3pgs.tiff,2026:07:06 11:11:19-04:00,07/06 11:11:19,"Haskins, elizabethtown nc",10/24/1958,Haskins,elizabethtown nc,,3,,10-24-58-3pgs-tiff,,multiple,1,FALSE
bookmark.tiff,2026:07:06 11:13:14-04:00,07/06 11:13:14,"Misc, no loc",#N/A,Misc,no loc,,#N/A,,bookmark-tiff,,#N/A,1,FALSE
10.18.58 4pgs.tiff,2026:07:06 11:18:19-04:00,07/06 11:18:19,"carol, charlotte nc",10/18/1958,carol,charlotte nc,,4,,10-18-58-4pgs-tiff,,multiple,1,FALSE
10.16.58 2pgs.tiff,2026:07:06 11:41:42-04:00,07/06 11:41:42,"carolyne, eflano nc",10/16/1958,carolyne,eflano nc,,2,,10-16-58-2pgs-tiff,,multiple,1,FALSE
6.10.58 no envelope.tiff,2026:07:06 11:42:52-04:00,07/06 11:42:52,"?, no loc",6/10/1958,?,no loc,,#N/A,,6-10-58-no-envelope-tiff,,#N/A,1,FALSE
2.14.61 2pgs.tiff,2026:07:06 11:46:12-04:00,07/06 11:46:12,"bonnie, dublin",2/14/1961,bonnie,dublin,,2,,2-14-61-2pgs-tiff,,multiple,1,FALSE
2.12.61 2pgs.tiff,2026:07:06 11:57:33-04:00,07/06 11:57:33,"barbara, wareham mass",2/12/1961,barbara,wareham mass,,2,,2-12-61-2pgs-tiff,,multiple,1,FALSE
2.8.61 4pgs.tiff,2026:07:06 12:02:31-04:00,07/06 12:02:31,"Aunt bessie, manchester ct",2/8/1961,Aunt bessie,manchester ct,,4,,2-8-61-4pgs-tiff,,multiple,1,FALSE
2.17.61 4pgs.tiff,2026:07:06 12:07:11-04:00,07/06 12:07:11,"puggy, lumberton nc",2/17/1961,puggy,lumberton nc,,4,,2-17-61-4pgs-tiff,,multiple,1,FALSE
3.2.61 1pgs.tiff,2026:07:06 12:12:19-04:00,07/06 12:12:19,"kappa delta, high point",3/2/1961,kappa delta,high point,,1,,3-2-61-1pgs-tiff,,,1,FALSE
2.27.61 1pgs.tiff,2026:07:06 12:15:11-04:00,07/06 12:15:11,"baby, high point",2/27/1961,baby,high point,,1,,2-27-61-1pgs-tiff,,,1,FALSE
2.27.61 4pgs.tiff,2026:07:06 12:20:19-04:00,07/06 12:20:19,"?, high point",2/27/1961,?,high point,,4,,2-27-61-4pgs-tiff,,multiple,1,FALSE
1961 unkown date 2pgs.tiff,2026:07:06 12:24:39-04:00,07/06 12:24:39,"johnski, high point",#N/A,johnski,high point,,2,,1961-unkown-date-2pgs-tiff,,multiple,1,FALSE
1.2.60 2pgs no envelope.tiff,2026:07:06 13:04:54-04:00,07/06 13:04:54,"dale, no loc",1/2/1960,dale,no loc,,2,,1-2-60-2pgs-no-envelope-tiff,,multiple,1,FALSE
8.22.60 1pgs.tiff,2026:07:06 13:07:14-04:00,07/06 13:07:14,"jim, postcard, dallas tx",8/22/1960,jim,dallas tx,postcard,1,,8-22-60-1pgs-tiff,,,1,FALSE
10.31.60 2pgs.tiff,2026:07:06 13:10:13-04:00,07/06 13:10:13,"Sandy, williamantic ct",10/31/1960,Sandy,williamantic ct,,2,,10-31-60-2pgs-tiff,,multiple,1,FALSE
1.4.61 2pgs.tiff,2026:07:06 13:16:58-04:00,07/06 13:16:58,"johnny, high point",1/4/1961,johnny,high point,,2,,1-4-61-2pgs-tiff,,multiple,1,FALSE
11.14.60 1pgs.tiff,2026:07:06 13:20:21-04:00,07/06 13:20:21,"clarice, high point",11/14/1960,clarice,high point,,1,,11-14-60-1pgs-tiff,,,1,FALSE
8.25.60 4pgs.tiff,2026:07:06 13:25:06-04:00,07/06 13:25:06,"natalie, raleigh",8/25/1960,natalie,raleigh,,4,,8-25-60-4pgs-tiff,,multiple,1,FALSE
1.25.61 1pgs.tiff,2026:07:06 13:27:49-04:00,07/06 13:27:49,"Haskins, elizabethtown nc",1/25/1961,Haskins,elizabethtown nc,,1,,1-25-61-1pgs-tiff,,,1,FALSE
1.20.61 3pgs.tiff,2026:07:06 13:32:24-04:00,07/06 13:32:24,"Haskins, elizabethtown nc",1/20/1961,Haskins,elizabethtown nc,,3,,1-20-61-3pgs-tiff,,multiple,1,FALSE
3.27.61 3pgs.tiff,2026:07:06 13:38:00-04:00,07/06 13:38:00,"Aunt bessie, manchester ct",3/27/1961,Aunt bessie,manchester ct,,3,,3-27-61-3pgs-tiff,,multiple,1,FALSE
1.26.61 3pgs.tiff,2026:07:06 13:42:45-04:00,07/06 13:42:45,"seaver, wareham mass",1/26/1961,seaver,wareham mass,,3,,1-26-61-3pgs-tiff,,multiple,1,FALSE
1.15.61 2pgs.tiff,2026:07:06 13:45:53-04:00,07/06 13:45:53,"ben, oklahoma city",1/15/1961,ben,oklahoma city,,2,,1-15-61-2pgs-tiff,,multiple,1,FALSE
1.29.61 1pgs.tiff,2026:07:06 13:47:50-04:00,07/06 13:47:50,"ben, oklahoma city",1/29/1961,ben,oklahoma city,,1,,1-29-61-1pgs-tiff,,,1,FALSE
1.31.61 2pgs.tiff,2026:07:06 13:50:55-04:00,07/06 13:50:55,"Sandy, williamantic ct",1/31/1961,Sandy,williamantic ct,,2,,1-31-61-2pgs-tiff,,multiple,1,FALSE
2.1.61 2pgs.tiff,2026:07:06 13:53:36-04:00,07/06 13:53:36,"cindy, DUPLICATE NAME, thomasville nc",2/1/1961,cindy,thomasville nc,DUPLICATE NAME,2,,2-1-61-2pgs-tiff,,multiple,1,FALSE
2.1.61 2pgs 2nd.tiff,2026:07:06 13:55:36-04:00,07/06 13:55:36,"grandmother gray, mobile alabama",2/1/1961,grandmother gray,mobile alabama,,2,,2-1-61-2pgs-2nd-tiff,,multiple,1,FALSE
2.13.61 2pgs.tiff,2026:07:06 13:58:00-04:00,07/06 13:58:00,"boy, raleigh",2/13/1961,boy,raleigh,,2,,2-13-61-2pgs-tiff,,multiple,1,FALSE
1.27.61 2pgs.tiff,2026:07:06 13:59:32-04:00,07/06 13:59:32,"grandma, manchester ct",1/27/1961,grandma,manchester ct,,2,,1-27-61-2pgs-tiff,,multiple,1,FALSE
3.30.61 6pgs + cloth.tiff,2026:07:06 14:08:18-04:00,07/06 14:08:18,"grandmother, manchester ct",3/30/1961,grandmother,manchester ct,,6,,3-30-61-6pgs-cloth-tiff,,multiple,1,FALSE
11.3.60 2pgs.tiff,2026:07:13 11:19:48-04:00,07/13 11:19:48,"grandma, manchester ct",11/3/1960,grandma,manchester ct,,2,,11-3-60-2pgs-tiff,,multiple,1,FALSE
10.24.60 1pgs.tiff,2026:07:13 11:22:39-04:00,07/13 11:22:39,"?, kappa delta, high point",10/24/1960,?,high point,kappa delta,1,,10-24-60-1pgs-tiff,,,1,FALSE
12.1.60 1pgs.tiff,2026:07:13 11:28:19-04:00,07/13 11:28:19,"puggy, pembroke",12/1/1960,puggy,pembroke,,1,,12-1-60-1pgs-tiff,,,1,FALSE
11.4.60 1pgs.tiff,2026:07:13 11:32:21-04:00,07/13 11:32:21,"Haskins, elizabethtown nc",11/4/1960,Haskins,elizabethtown nc,,1,,11-4-60-1pgs-tiff,,,1,FALSE
10.26.60 3pgs.tiff,2026:07:13 11:37:20-04:00,07/13 11:37:20,"grace, high point",10/26/1960,grace,high point,,3,,10-26-60-3pgs-tiff,,multiple,1,FALSE
1.11.61 2pgs.tiff,2026:07:13 11:40:37-04:00,07/13 11:40:37,"bill, DUPLICATE NAME, columbia sc",1/11/1961,bill,columbia sc,DUPLICATE NAME,2,,1-11-61-2pgs-tiff,,multiple,1,FALSE
11.1.61 1pgs 2nd.tiff,2026:07:13 11:44:22-04:00,07/13 11:44:22,"edna rose, DUPLICATE NAME, high point",11/1/1961,edna rose,high point,DUPLICATE NAME,1,,11-1-61-1pgs-2nd-tiff,,,1,FALSE
11.1.60 1pgs.tiff,2026:07:13 11:46:24-04:00,07/13 11:46:24,"betty, high point",11/1/1960,betty,high point,,1,,11-1-60-1pgs-tiff,,,1,FALSE
10.9.60 1pgs.tiff,2026:07:13 11:48:38-04:00,07/13 11:48:38,"ben, oklahoma city",10/9/1960,ben,oklahoma city,,1,,10-9-60-1pgs-tiff,,,1,FALSE
8.29.60 2pgs.tiff,2026:07:13 11:54:18-04:00,07/13 11:54:18,"?, postcard, harwich-port mass",8/29/1960,?,harwich-port mass,postcard,2,,8-29-60-2pgs-tiff,,multiple,1,FALSE
9.16.60 3pgs.tiff,2026:07:13 11:57:42-04:00,07/13 11:57:42,"Sandy, williamantic ct",9/16/1960,Sandy,williamantic ct,,3,,9-16-60-3pgs-tiff,,multiple,1,FALSE
9.25.60 1pgs.tiff,2026:07:13 12:06:52-04:00,07/13 12:06:52,"ben, oklahoma city",9/25/1960,ben,oklahoma city,,1,,9-25-60-1pgs-tiff,,,1,FALSE
no envelope friiendship.tiff,2026:07:13 12:08:50-04:00,07/13 12:08:50,"Misc, high point",#N/A,Misc,high point,,#N/A,,no-envelope-friiendship-tiff,,#N/A,1,FALSE
10.3.60 2pgs.tiff,2026:07:13 12:09:56-04:00,07/13 12:09:56,"grace, DUPLICATE NAME, high point",10/3/1960,grace,high point,DUPLICATE NAME,2,,10-3-60-2pgs-tiff,,multiple,1,FALSE
10.3.60 2pgs 2nd.tiff,2026:07:13 12:11:56-04:00,07/13 12:11:56,"CMB, high point",10/3/1960,CMB,high point,,2,,10-3-60-2pgs-2nd-tiff,,multiple,1,FALSE
empty envelope high point.tiff,2026:07:13 12:12:47-04:00,07/13 12:12:47,"clarice, high point",#N/A,clarice,high point,,#N/A,,empty-envelope-high-point-tiff,,#N/A,1,FALSE
8.17.57 2pgs.tiff,2026:07:16 19:58:19-04:00,07/16 19:58:19,"abbot, thomasville nc",8/17/1957,abbot,thomasville nc,,2,,8-17-57-2pgs-tiff,,multiple,1,FALSE
9.4.57 2pgs.tiff,2026:07:16 20:01:17-04:00,07/16 20:01:17,"barbara, high point",9/4/1957,barbara,high point,,2,,9-4-57-2pgs-tiff,,multiple,1,FALSE
6.5.57 2pgs.tiff,2026:07:16 20:04:51-04:00,07/16 20:04:51,"johnny, charlotte nc",6/5/1957,johnny,charlotte nc,,2,,6-5-57-2pgs-tiff,,multiple,1,FALSE
6.18.57 2pgs.tiff,2026:07:16 20:07:47-04:00,07/16 20:07:47,"johnny, charlotte nc",6/18/1957,johnny,charlotte nc,,2,,6-18-57-2pgs-tiff,,multiple,1,FALSE
7.14.57 1pgs.tiff,2026:07:16 20:10:09-04:00,07/16 20:10:09,"junior, charlotte nc",7/14/1957,junior,charlotte nc,,1,,7-14-57-1pgs-tiff,,,1,FALSE
7.23.57 2pgs.tiff,2026:07:16 20:13:19-04:00,07/16 20:13:19,"junior, charlotte nc",7/23/1957,junior,charlotte nc,,2,,7-23-57-2pgs-tiff,,multiple,1,FALSE
8.19.57 2pgs.tiff,2026:07:16 20:16:40-04:00,07/16 20:16:40,"jackson, laurel hill",8/19/1957,jackson,laurel hill,,2,,8-19-57-2pgs-tiff,,multiple,1,FALSE
lab request.tiff,2026:07:16 20:20:15-04:00,07/16 20:20:15,"Misc, no loc",#N/A,Misc,no loc,,#N/A,,lab-request-tiff,,#N/A,1,FALSE
8.24.60 2pgs.tiff,2026:07:16 20:24:00-04:00,07/16 20:24:00,"frances, miller creek nc",8/24/1960,frances,miller creek nc,,2,,8-24-60-2pgs-tiff,,multiple,1,FALSE
9.23.60 1pgs.tiff,2026:07:20 18:54:47-04:00,07/20 18:54:47,"methodist, fayetteville nc",9/23/1960,methodist,fayetteville nc,,1,,9-23-60-1pgs-tiff,,,1,FALSE
9.1.60 1pgs.tiff,2026:07:20 18:57:15-04:00,07/20 18:57:15,"grandmother gray, mobile alabama",9/1/1960,grandmother gray,mobile alabama,,1,,9-1-60-1pgs-tiff,,,1,FALSE
8.31.60 1pgs.tiff,2026:07:20 18:59:26-04:00,07/20 18:59:26,"ben, kingston nc",8/31/1960,ben,kingston nc,,1,,8-31-60-1pgs-tiff,,,1,FALSE
9.12.60 1pgs.tiff,2026:07:20 19:02:32-04:00,07/20 19:02:32,"ben, oklahoma city",9/12/1960,ben,oklahoma city,,1,,9-12-60-1pgs-tiff,,,1,FALSE
9.10.60 1pgs.tiff,2026:07:20 19:04:15-04:00,07/20 19:04:15,"grandmother, postcard, manchester ct",9/10/1960,grandmother,manchester ct,postcard,1,,9-10-60-1pgs-tiff,,,1,FALSE
8.27.60 3pgs.tiff,2026:07:20 19:14:23-04:00,07/20 19:14:23,"?, wareham mass",8/27/1960,?,wareham mass,,3,,8-27-60-3pgs-tiff,,multiple,1,FALSE
9.15.60 1pgs.tiff,2026:07:20 19:16:32-04:00,07/20 19:16:32,"Haskins, elizabethtown nc",9/15/1960,Haskins,elizabethtown nc,,1,,9-15-60-1pgs-tiff,,,1,FALSE
9.3.60 4pgs.tiff,2026:07:20 19:21:32-04:00,07/20 19:21:32,"Haskins, elizabethtown nc",9/3/1960,Haskins,elizabethtown nc,,4,,9-3-60-4pgs-tiff,,multiple,1,FALSE
8.27.60 1pgs.tiff,2026:07:20 19:24:16-04:00,07/20 19:24:16,"Haskins, elizabethtown nc",8/27/1960,Haskins,elizabethtown nc,,1,,8-27-60-1pgs-tiff,,,1,FALSE
9.4.57 1pgs.tiff,2026:07:20 19:27:29-04:00,07/20 19:27:29,"?, lawndale nc",9/4/1957,?,lawndale nc,,1,,9-4-57-1pgs-tiff,,,1,FALSE
9.4.57 3pgs.tiff,2026:07:20 19:33:27-04:00,07/20 19:33:27,"kaye, winston salem",9/4/1957,kaye,winston salem,,3,,9-4-57-3pgs-tiff,,multiple,1,FALSE
5.3.57 1pgs.tiff,2026:07:20 19:35:52-04:00,07/20 19:35:52,"frank berry, trinity nc",5/3/1957,frank berry,trinity nc,,1,,5-3-57-1pgs-tiff,,,1,FALSE
9.7.60 5pgs.tiff,2026:07:20 19:41:43-04:00,07/20 19:41:43,"edna rose, rescan with printer, high point",9/7/1960,edna rose,high point,rescan with printer,5,,9-7-60-5pgs-tiff,,multiple,1,FALSE
8.26.60 1pgs.tiff,2026:07:20 19:43:38-04:00,07/20 19:43:38,"bill, postcard, lakeland fl",8/26/1960,bill,lakeland fl,postcard,1,,8-26-60-1pgs-tiff,,,1,FALSE
9.6.60 2pgs.tiff,2026:07:20 19:45:20-04:00,07/20 19:45:20,"nancy carol chilton, mount pilot nc",9/6/1960,nancy carol chilton,mount pilot nc,,2,,9-6-60-2pgs-tiff,,multiple,1,FALSE
9.6.60 2pgs 2nd.tiff,2026:07:20 19:47:49-04:00,07/20 19:47:49,"wampler, fort benning ga",9/6/1960,wampler,fort benning ga,,2,,9-6-60-2pgs-2nd-tiff,,multiple,1,FALSE
1.1.61 2pgs.tiff,2026:07:21 20:18:01-04:00,07/21 20:18:01,"ben, oklahoma city",1/1/1961,ben,oklahoma city,,2,,1-1-61-2pgs-tiff,,multiple,1,FALSE
2.17.61 2pgs.tiff,2026:07:21 20:21:43-04:00,07/21 20:21:43,"methodist, providence ri",2/17/1961,methodist,providence ri,,2,,2-17-61-2pgs-tiff,,multiple,1,FALSE
empty envelope 3.15.61.tiff,2026:07:21 20:23:11-04:00,07/21 20:23:11,"?, oklahoma city",#N/A,?,oklahoma city,,#N/A,,empty-envelope-3-15-61-tiff,,#N/A,1,FALSE
3.21.61 1pgs.tiff,2026:07:21 20:25:10-04:00,07/21 20:25:10,"margie, pembroke",3/21/1961,margie,pembroke,,1,,3-21-61-1pgs-tiff,,,1,FALSE
2.7.61 no envelope 5pgs.tiff,2026:07:21 20:29:27-04:00,07/21 20:29:27,"ginny, no loc",2/7/1961,ginny,no loc,,5,,2-7-61-no-envelope-5pgs-tiff,,multiple,1,FALSE
2.11.61 2pgs.tiff,2026:07:21 20:32:52-04:00,07/21 20:32:52,"?, DUPLICATE NAME, aiken sc",2/11/1961,?,aiken sc,DUPLICATE NAME,2,,2-11-61-2pgs-tiff,,multiple,1,FALSE
2.11.61 2pgs 2nd.tiff,2026:07:21 20:36:03-04:00,07/21 20:36:03,"Sandy, DUPLICATE NAME, williamantic ct",2/11/1961,Sandy,williamantic ct,DUPLICATE NAME,2,,2-11-61-2pgs-2nd-tiff,,multiple,1,FALSE
3.1.61 3pgs.tiff,2026:07:21 20:39:24-04:00,07/21 20:39:24,"little sis, high point",3/1/1961,little sis,high point,,3,,3-1-61-3pgs-tiff,,multiple,1,FALSE
3.23.61 1pgs.tiff,2026:07:21 20:43:07-04:00,07/21 20:43:07,"?, dale, rockville centre ny",3/23/1961,?,rockville centre ny,dale,1,,3-23-61-1pgs-tiff,,,1,FALSE
2.7.61 2pgss.tiff,2026:07:21 20:50:42-04:00,07/21 20:50:42,"annette, red springs",2/7/1961,annette,red springs,,2,,2-7-61-2pgss-tiff,,multiple,1,FALSE
2.15.61 5pgs.tiff,2026:07:21 20:56:20-04:00,07/21 20:56:20,"Misc, high point",2/15/1961,Misc,high point,,5,,2-15-61-5pgs-tiff,,multiple,1,FALSE
3.21.61 2pgs.tiff,2026:07:21 20:59:08-04:00,07/21 20:59:08,"chip, dale, raleigh",3/21/1961,chip,raleigh,dale,2,,3-21-61-2pgs-tiff,,multiple,1,FALSE
10.2.57 1pgs env.13.tiff,2026:08:17 17:52:26-04:00,08/17 17:52:26,"mother, pembroke",10/2/1957,mother,pembroke,,1,13,10-2-57-1pgs-env-13-tiff,,,1,FALSE
9.26.57 3pgs env.11.tiff,2026:08:17 17:57:07-04:00,08/17 17:57:07,"mother, pembroke",9/26/1957,mother,pembroke,,3,11,9-26-57-3pgs-env-11-tiff,,multiple,1,FALSE
9.30.57 4pgs env.12.tiff,2026:08:26 19:09:57-04:00,08/26 19:09:57,"mother, pembroke",9/30/1957,mother,pembroke,,4,12,9-30-57-4pgs-env-12-tiff,,multiple,1,FALSE
9.24.57 1pgs env.10 .tiff,2026:08:26 19:13:30-04:00,08/26 19:13:30,"mother, pembroke",9/24/1957,mother,pembroke,,1,10 ,9-24-57-1pgs-env-10-tiff,,,1,FALSE
9.16.60 1pgs.tiff,2026:08:26 19:16:07-04:00,08/26 19:16:07,"methodist, nyc",9/16/1960,methodist,nyc,,1,,9-16-60-1pgs-tiff,,,1,FALSE
8.30.57 1pgs.tiff,2026:08:26 19:17:55-04:00,08/26 19:17:55,"mrs sue, hamlet nc",8/30/1957,mrs sue,hamlet nc,,1,,8-30-57-1pgs-tiff,,,1,FALSE
9.15.60 2pgs.tiff,2026:08:26 19:21:55-04:00,08/26 19:21:55,"bl, fellowship team, high point",9/15/1960,bl,high point,fellowship team,2,,9-15-60-2pgs-tiff,,multiple,1,FALSE
10.18.60 1pgs.tiff,2026:08:26 19:24:42-04:00,08/26 19:24:42,"wendell, high point",10/18/1960,wendell,high point,,1,,10-18-60-1pgs-tiff,,,1,FALSE
mr 2pgs.tiff,2026:08:26 19:26:38-04:00,08/26 19:26:38,"?, no loc",#N/A,?,no loc,,2,,mr-2pgs-tiff,,multiple,1,FALSE
xmas 2pgs.tiff,2026:08:26 19:28:31-04:00,08/26 19:28:31,"xmas, frances, glenn, no loc",#N/A,xmas,no loc,"frances, glenn",2,,xmas-2pgs-tiff,,multiple,1,FALSE
8.31.57 1pgs.tiff,2026:08:26 19:30:14-04:00,08/26 19:30:14,"stroo, kappa delta, winston salem",8/31/1957,stroo,winston salem,kappa delta,1,,8-31-57-1pgs-tiff,,,1,FALSE
8.9.57 2pgs.tiff,2026:08:26 19:34:03-04:00,08/26 19:34:03,"jackson, laurinburg nc",8/9/1957,jackson,laurinburg nc,,2,,8-9-57-2pgs-tiff,,multiple,1,FALSE
3.13.61 2pgs.tiff,2026:08:26 19:39:58-04:00,08/26 19:39:58,"helen, red springs",3/13/1961,helen,red springs,,2,,3-13-61-2pgs-tiff,,multiple,1,FALSE
11.10.60 3pgs.tiff,2026:08:26 19:45:15-04:00,08/26 19:45:15,"puggy, pembroke",11/10/1960,puggy,pembroke,,3,,11-10-60-3pgs-tiff,,multiple,1,FALSE
12.5.60 1pgs.tiff,2026:08:26 19:46:35-04:00,08/26 19:46:35,"grandmother gray, mobile alabama",12/5/1960,grandmother gray,mobile alabama,,1,,12-5-60-1pgs-tiff,,,1,FALSE
12.5.60 1pgs 2nd.tiff,2026:08:26 19:49:17-04:00,08/26 19:49:17,"ben, oklahoma city",12/5/1960,ben,oklahoma city,,1,,12-5-60-1pgs-2nd-tiff,,,1,FALSE
2.25.57 env. 2(2).tiff,2026:08:26 19:54:10-04:00,08/26 19:54:10,"mrs adams, fayetteville nc",2/25/1957,mrs adams,fayetteville nc,,#N/A,2(2),2-25-57-env-2-2-tiff,,#N/A,1,FALSE
2.1.60 6pgs.tiff,2026:08:26 20:02:48-04:00,08/26 20:02:48,"Haskins, elizabethtown nc",2/1/1960,Haskins,elizabethtown nc,,6,,2-1-60-6pgs-tiff,,multiple,1,FALSE
11.20.60 2pgs.tiff,2026:08:26 20:05:54-04:00,08/26 20:05:54,"ben, oklahoma city",11/20/1960,ben,oklahoma city,,2,,11-20-60-2pgs-tiff,,multiple,1,FALSE
10.15.56 2pgs.tiff,2026:08:29 20:17:54-04:00,08/29 20:17:54,"betty gray, high point",10/15/1956,betty gray,high point,,2,,10-15-56-2pgs-tiff,,multiple,1,FALSE
10.17.56 6pgs from nannie.tiff,2026:08:29 20:40:39-04:00,08/29 20:40:39,"betty gray, high point",10/17/1956,betty gray,high point,,6,,10-17-56-6pgs-from-nannie-tiff,,multiple,1,FALSE
10.18.56 3pgs from nannie(2nd half).tiff,2026:08:29 20:40:39-04:00,08/29 20:40:39,"betty gray, high point",10/18/1956,betty gray,high point,,3,,10-18-56-3pgs-from-nannie-2nd-half-tiff,,multiple,1,FALSE
10.19.56 2pgs from nannie.tiff,2026:08:29 20:47:19-04:00,08/29 20:47:19,"betty gray, high point",10/19/1956,betty gray,high point,,2,,10-19-56-2pgs-from-nannie-tiff,,multiple,1,FALSE
10.22.56 4pgs.tiff,2026:08:31 08:44:31-04:00,08/31 08:44:31,"betty gray, high point",10/22/1956,betty gray,high point,,4,,10-22-56-4pgs-tiff,,multiple,1,FALSE
10.22.56 2pgs.tiff,2026:08:31 08:48:42-04:00,08/31 08:48:42,"betty gray, high point",10/22/1956,betty gray,high point,,2,,10-22-56-2pgs-tiff,,multiple,1,FALSE
10.25.56 4pgs.tiff,2026:08:31 09:00:00-04:00,08/31 09:00:00,"betty gray, high point",10/25/1956,betty gray,high point,,4,,10-25-56-4pgs-tiff,,multiple,1,FALSE
10.30.56 1pgs.tiff,2026:08:31 09:02:44-04:00,08/31 09:02:44,"betty gray, high point",10/30/1956,betty gray,high point,,1,,10-30-56-1pgs-tiff,,,1,FALSE
11.1.56 3pgs.tiff,2026:08:31 09:07:18-04:00,08/31 09:07:18,"betty gray, high point",11/1/1956,betty gray,high point,,3,,11-1-56-3pgs-tiff,,multiple,1,FALSE
11.2.56 2pgs.tiff,2026:08:31 09:17:10-04:00,08/31 09:17:10,"betty gray, high point",11/2/1956,betty gray,high point,,2,,11-2-56-2pgs-tiff,,multiple,1,FALSE
11.3.56 3pgs.tiff,2026:08:31 09:22:16-04:00,08/31 09:22:16,"betty gray, high point",11/3/1956,betty gray,high point,,3,,11-3-56-3pgs-tiff,,multiple,1,FALSE
11.5.56 1pgs.tiff,2026:08:31 09:24:43-04:00,08/31 09:24:43,"betty gray, DUPLICATE NAME, high point",11/5/1956,betty gray,high point,DUPLICATE NAME,1,,11-5-56-1pgs-tiff,,,1,FALSE
11.5.56 2pgs env.1.tiff,2026:08:31 09:42:35-04:00,08/31 09:42:35,"brenda, red springs",11/5/1956,brenda,red springs,,2,1,11-5-56-2pgs-env-1-tiff,,multiple,1,FALSE
11.5.56 2pgs 2nd .tiff,2026:08:31 09:44:47-04:00,08/31 09:44:47,"betty gray, DUPLICATE NAME, high point",11/5/1956,betty gray,high point,DUPLICATE NAME,2,,11-5-56-2pgs-2nd-tiff,,multiple,1,FALSE
11.6.56 3pgs.tiff,2026:08:31 09:50:00-04:00,08/31 09:50:00,"betty gray, high point",11/6/1956,betty gray,high point,,3,,11-6-56-3pgs-tiff,,multiple,1,FALSE
10.19.57 2pgs.tiff,2026:08:31 09:53:36-04:00,08/31 09:53:36,"grandmother gray, mobile alabama",10/19/1957,grandmother gray,mobile alabama,,2,,10-19-57-2pgs-tiff,,multiple,1,FALSE
10.1.57 6pgs.tiff,2026:08:31 10:01:47-04:00,08/31 10:01:47,"kappa delta, arlington va",10/1/1957,kappa delta,arlington va,,6,,10-1-57-6pgs-tiff,,multiple,1,FALSE
blank env bday 2pgs.tiff,2026:08:31 10:05:00-04:00,08/31 10:05:00,"eva dell, ?, no loc",#N/A,eva dell,no loc,?,2,,blank-env-bday-2pgs-tiff,,multiple,1,FALSE
2.13.61 3pgs.tiff,2026:08:31 10:09:33-04:00,08/31 10:09:33,"grandmother, DUPLICATE NAME, manchester ct",2/13/1961,grandmother,manchester ct,DUPLICATE NAME,3,,2-13-61-3pgs-tiff,,multiple,1,FALSE
2.13.61 3pgs 2nd.tiff,2026:08:31 10:18:52-04:00,08/31 10:18:52,"seaver, ?, wareham mass",2/13/1961,seaver,wareham mass,?,3,,2-13-61-3pgs-2nd-tiff,,multiple,1,FALSE
3.15.61 2pgs.tiff,2026:08:31 10:28:44-04:00,08/31 10:28:44,"ben, oklahoma city",3/15/1961,ben,oklahoma city,,2,,3-15-61-2pgs-tiff,,multiple,1,FALSE
drawing bday 3pgs.tiff,2026:08:31 10:33:24-04:00,08/31 10:33:24,"?, no loc",#N/A,?,no loc,,3,,drawing-bday-3pgs-tiff,,multiple,1,FALSE
3.17.61 2pgs.tiff,2026:08:31 10:35:25-04:00,08/31 10:35:25,"Haskins, DUPLICATE NAME, elizabethtown nc",3/17/1961,Haskins,elizabethtown nc,DUPLICATE NAME,2,,3-17-61-2pgs-tiff,,multiple,1,FALSE
3.17.61 2pgs 2nd.tiff,2026:08:31 10:40:57-04:00,08/31 10:40:57,"BH, DUPLICATE NAME, elizabethtown nc",3/17/1961,BH,elizabethtown nc,DUPLICATE NAME,2,,3-17-61-2pgs-2nd-tiff,,multiple,1,FALSE
farm bday 3pgs.tiff,2026:08:31 10:45:16-04:00,08/31 10:45:16,"bill, edna rose, no loc",#N/A,bill,no loc,edna rose,3,,farm-bday-3pgs-tiff,,multiple,1,FALSE
5.9.61 1pgs.tiff,2026:08:31 10:47:27-04:00,08/31 10:47:27,"frances ann, winston salem",5/9/1961,frances ann,winston salem,,1,,5-9-61-1pgs-tiff,,,1,FALSE
5.17.61 4pgs.tiff,2026:08:31 10:52:05-04:00,08/31 10:52:05,"Misc, high point",5/17/1961,Misc,high point,,4,,5-17-61-4pgs-tiff,,multiple,1,FALSE
5.7.61 3pgs.tiff,2026:08:31 10:56:50-04:00,08/31 10:56:50,"jimmy, springfield mass",5/7/1961,jimmy,springfield mass,,3,,5-7-61-3pgs-tiff,,multiple,1,FALSE
10.6.57 env.14 2pgs.tiff,2026:08:31 11:10:01-04:00,08/31 11:10:01,"mother, pembroke",10/6/1957,mother,pembroke,,2,14 ,10-6-57-env-14-2pgs-tiff,,multiple,1,FALSE
10.4.57 env. 15 2pgs.tiff,2026:08:31 11:13:40-04:00,08/31 11:13:40,"mother, pembroke",10/4/1957,mother,pembroke,,2,15 ,10-4-57-env-15-2pgs-tiff,,multiple,1,FALSE
10.7.57 env. 16 2pgs.tiff,2026:08:31 11:17:25-04:00,08/31 11:17:25,"mother, pembroke",10/7/1957,mother,pembroke,,2,16 ,10-7-57-env-16-2pgs-tiff,,multiple,1,FALSE
10.7.57 env. 17 2pgs.tiff,2026:08:31 11:21:17-04:00,08/31 11:21:17,"mother, pembroke",10/7/1957,mother,pembroke,,2,17 ,10-7-57-env-17-2pgs-tiff,,multiple,1,FALSE
10.8.57 env. 18 2pgs.tiff,2026:08:31 11:30:28-04:00,08/31 11:30:28,"mother, pembroke",10/8/1957,mother,pembroke,,2,18 ,10-8-57-env-18-2pgs-tiff,,multiple,1,FALSE
10.10.57 env. 19 5pgs.tiff,2026:08:31 11:38:24-04:00,08/31 11:38:24,"mother, INCOMPLETE, no loc",10/10/1957,mother,no loc,INCOMPLETE,5,19 ,10-10-57-env-19-5pgs-tiff,,multiple,1,FALSE
10.14.57 env. 20 3pgs.tiff,2026:08:31 11:43:44-04:00,08/31 11:43:44,"mother, pembroke",10/14/1957,mother,pembroke,,3,20 ,10-14-57-env-20-3pgs-tiff,,multiple,1,FALSE
10.15.57 env. 21 3pgs.tiff,2026:08:31 11:49:45-04:00,08/31 11:49:45,"mother, pembroke",10/15/1957,mother,pembroke,,3,21 ,10-15-57-env-21-3pgs-tiff,,multiple,1,FALSE
10.16.57 env. 22 3pgs.tiff,2026:08:31 14:50:11-04:00,08/31 14:50:11,"mother, pembroke",10/16/1957,mother,pembroke,,3,22 ,10-16-57-env-22-3pgs-tiff,,multiple,1,FALSE
10.28.57 env. 24 2pgs.tiff,2026:08:31 14:54:54-04:00,08/31 14:54:54,"mother, pembroke",10/28/1957,mother,pembroke,,2,24 ,10-28-57-env-24-2pgs-tiff,,multiple,1,FALSE
10.30.57 env. 25 2pgs.tiff,2026:08:31 14:58:16-04:00,08/31 14:58:16,"mother, pembroke",10/30/1957,mother,pembroke,,2,25 ,10-30-57-env-25-2pgs-tiff,,multiple,1,FALSE
10.18.57 env. 23 3pgs.tiff,2026:08:31 15:02:50-04:00,08/31 15:02:50,"mother, pembroke",10/18/1957,mother,pembroke,,3,23 ,10-18-57-env-23-3pgs-tiff,,multiple,1,FALSE
11.1.57 env. 26 2pgs.tiff,2026:08:31 15:08:28-04:00,08/31 15:08:28,"mother, pembroke",11/1/1957,mother,pembroke,,2,26 ,11-1-57-env-26-2pgs-tiff,,multiple,1,FALSE
11.2.57 env. 27 3pgs.tiff,2026:08:31 15:13:23-04:00,08/31 15:13:23,"mother, pembroke",11/2/1957,mother,pembroke,,3,27 ,11-2-57-env-27-3pgs-tiff,,multiple,1,FALSE
11.4.57 env. 28 1pgs.tiff,2026:08:31 15:15:58-04:00,08/31 15:15:58,"mother, pembroke",11/4/1957,mother,pembroke,,1,28 ,11-4-57-env-28-1pgs-tiff,,,1,FALSE
2.17.60 3pgs.tiff,2026:08:31 19:44:21-04:00,08/31 19:44:21,"betty gray, red springs",2/17/1960,betty gray,red springs,,3,,2-17-60-3pgs-tiff,,multiple,1,FALSE
2.18.60 2pgs.tiff,2026:08:31 19:47:57-04:00,08/31 19:47:57,"brenda, elon college nc",2/18/1960,brenda,elon college nc,,2,,2-18-60-2pgs-tiff,,multiple,1,FALSE
2.13.60 1pgs.tiff,2026:08:31 19:51:22-04:00,08/31 19:51:22,"helen, greensboro college, greensboro nc",2/13/1960,helen,greensboro nc,greensboro college,1,,2-13-60-1pgs-tiff,,,1,FALSE
5.21.57 env. 5(5) 3pgs.tiff,2026:08:31 19:55:14-04:00,08/31 19:55:14,"mrs adams, fayetteville nc",5/21/1957,mrs adams,fayetteville nc,,3,5(5),5-21-57-env-5-5-3pgs-tiff,,multiple,1,FALSE
4.15.57 env. 4(4) 3pgs.tiff,2026:08:31 19:59:31-04:00,08/31 19:59:31,"mrs adams, fayetteville nc",4/15/1957,mrs adams,fayetteville nc,,3,4(4),4-15-57-env-4-4-3pgs-tiff,,multiple,1,FALSE
3.11.57 env 3(3) 2pgs.tiff,2026:08:31 20:02:33-04:00,08/31 20:02:33,"mrs adams, red springs",3/11/1957,mrs adams,red springs,,2,3(3),3-11-57-env-3-3-2pgs-tiff,,multiple,1,FALSE
2.13.57 env. 1(1) 3pgs.tiff,2026:08:31 20:06:05-04:00,08/31 20:06:05,"mrs adams, red springs",2/13/1957,mrs adams,red springs,,3,1(1),2-13-57-env-1-1-3pgs-tiff,,multiple,1,FALSE
2.14.57 env.5(1) 2pgs.tiff,2026:08:31 20:09:56-04:00,08/31 20:09:56,"bertha, red springs",2/14/1957,bertha,red springs,,2,5(1),2-14-57-env-5-1-2pgs-tiff,,multiple,1,FALSE
11.28.56 env.4 2pgs.tiff,2026:08:31 20:13:17-04:00,08/31 20:13:17,"bertha, red springs",11/28/1956,bertha,red springs,,2,4 ,11-28-56-env-4-2pgs-tiff,,multiple,1,FALSE
11.15.56 env 3 2pgs.tiff,2026:08:31 20:16:17-04:00,08/31 20:16:17,"bertha, red springs",11/15/1956,bertha,red springs,,2,3 ,11-15-56-env-3-2pgs-tiff,,multiple,1,FALSE
2.8.60 1pgs.tiff,2026:09:02 20:20:22-04:00,09/02 20:20:22,"helen, greensboro college, greensboro nc",2/8/1960,helen,greensboro nc,greensboro college,1,,2-8-60-1pgs-tiff,,,1,FALSE
2.5.60 2pgs.tiff,2026:09:02 20:23:39-04:00,09/02 20:23:39,"katie, winston salem",2/5/1960,katie,winston salem,,2,,2-5-60-2pgs-tiff,,multiple,1,FALSE
2.3.60 2pgs.tiff,2026:09:02 20:27:13-04:00,09/02 20:27:13,"sarah, red springs",2/3/1960,sarah,red springs,,2,,2-3-60-2pgs-tiff,,multiple,1,FALSE
2.1.60 2pgs.tiff,2026:09:02 20:30:24-04:00,09/02 20:30:24,"helen, greensboro college, greensboro nc",2/1/1960,helen,greensboro nc,greensboro college,2,,2-1-60-2pgs-tiff,,multiple,1,FALSE
12.16.69 2pgs.tiff,2026:09:02 20:33:58-04:00,09/02 20:33:58,"carol, winston salem",12/16/1969,carol,winston salem,,2,,12-16-69-2pgs-tiff,,multiple,1,FALSE
1.13.60 2pgs.tiff,2026:09:02 20:36:55-04:00,09/02 20:36:55,"grandma, pensacola",1/13/1960,grandma,pensacola,,2,,1-13-60-2pgs-tiff,,multiple,1,FALSE
12.31.59 2pgs.tiff,2026:09:02 20:39:36-04:00,09/02 20:39:36,"ruby haskins, elizabethtown nc",12/31/1959,ruby haskins,elizabethtown nc,,2,,12-31-59-2pgs-tiff,,multiple,1,FALSE
9.15.56 no envelope 1pgs.tiff,2026:09:02 20:42:23-04:00,09/02 20:42:23,"helen, red springs",9/15/1956,helen,red springs,,1,,9-15-56-no-envelope-1pgs-tiff,,,1,FALSE
10.23.56 1pgs.tiff,2026:09:02 20:44:45-04:00,09/02 20:44:45,"betty gray, high point, DUPLICATE NAME",10/23/1956,betty gray,DUPLICATE NAME,high point,1,,10-23-56-1pgs-tiff,,,1,FALSE
12.16.56 env.3 2pgs.tiff,2026:09:02 20:47:35-04:00,09/02 20:47:35,"helen, red springs",12/16/1956,helen,red springs,,2,3 ,12-16-56-env-3-2pgs-tiff,,multiple,1,FALSE
10.23.56 1pgs 2nd env.2.tiff,2026:09:02 20:49:59-04:00,09/02 20:49:59,"helen, red springs",10/23/1956,helen,red springs,,1,2,10-23-56-1pgs-2nd-env-2-tiff,,,1,FALSE
1.18.57 2pgs env 4.tiff,2026:09:02 20:53:30-04:00,09/02 20:53:30,"helen, red springs",1/18/1957,helen,red springs,,2,4,1-18-57-2pgs-env-4-tiff,,multiple,1,FALSE
3.4.57no envelope 2pgs 5(1).tiff,2026:09:02 20:56:14-04:00,09/02 20:56:14,"helen, no loc",3/4/1957,helen,no loc,,2,,3-4-57no-envelope-2pgs-5-1-tiff,,multiple,1,FALSE
3.17.57 2pgs env 6(2).tiff,2026:09:02 20:59:18-04:00,09/02 20:59:18,"helen, red springs",3/17/1957,helen,red springs,,2,6(2),3-17-57-2pgs-env-6-2-tiff,,multiple,1,FALSE
4.6.57 env 7(3) 2pgs.tiff,2026:09:02 21:02:20-04:00,09/02 21:02:20,"helen, red springs",4/6/1957,helen,red springs,,2,7(3),4-6-57-env-7-3-2pgs-tiff,,multiple,1,FALSE
4.5.57 env 8(4) 1pgs.tiff,2026:09:02 21:04:15-04:00,09/02 21:04:15,"helen, postcard, arlington va",4/5/1957,helen,arlington va,postcard,1,8(4),4-5-57-env-8-4-1pgs-tiff,,,1,FALSE
10.8.56 env 1 1pgs.tiff,2026:09:02 21:05:54-04:00,09/02 21:05:54,"bertha, red springs",10/8/1956,bertha,red springs,,1,1 ,10-8-56-env-1-1pgs-tiff,,,1,FALSE
10.17.56 env 2 3pgs.tiff,2026:09:02 21:09:42-04:00,09/02 21:09:42,"bertha, red springs",10/17/1956,bertha,red springs,,3,2 ,10-17-56-env-2-3pgs-tiff,,multiple,1,FALSE
12.11.57 3pgs env.2.tiff,2026:09:02 21:13:57-04:00,09/02 21:13:57,"grandmother gray, prichard alabama, mobile alabama",12/11/1957,grandmother gray,mobile alabama,prichard alabama,3,2,12-11-57-3pgs-env-2-tiff,,multiple,1,FALSE
12.10.59 1pgs and magnifyglass.tiff,2026:09:04 19:13:50-04:00,09/04 19:13:50,"bank, lumberton nc",12/10/1959,bank,lumberton nc,,1,,12-10-59-1pgs-and-magnifyglass-tiff,,,1,FALSE
11.17.59 2pgs.tiff,2026:09:04 19:17:14-04:00,09/04 19:17:14,"Haskins, elizabethtown nc",11/17/1959,Haskins,elizabethtown nc,,2,,11-17-59-2pgs-tiff,,multiple,1,FALSE
11.21.59 1pgs.tiff,2026:09:04 19:19:55-04:00,09/04 19:19:55,"ruby haskins, Haskins, elizabethtown nc",11/21/1959,ruby haskins,elizabethtown nc,Haskins,1,,11-21-59-1pgs-tiff,,,1,FALSE
12.9.59 1pgs.tiff,2026:09:04 19:22:20-04:00,09/04 19:22:20,"grandma, pensacola",12/9/1959,grandma,pensacola,,1,,12-9-59-1pgs-tiff,,,1,FALSE
12.1.59 3pgs .tiff,2026:09:04 19:29:43-04:00,09/04 19:29:43,"brenda, elon college nc",12/1/1959,brenda,elon college nc,,3,,12-1-59-3pgs-tiff,,multiple,1,FALSE
9.24.59 3pgs.tiff,2026:09:04 19:39:51-04:00,09/04 19:39:51,"brenda, elon college nc",9/24/1959,brenda,elon college nc,,3,,9-24-59-3pgs-tiff,,multiple,1,FALSE
10.18.59 3pgs.tiff,2026:09:04 20:08:00-04:00,09/04 20:08:00,grandma,10/18/1959,grandma,grandma,,3,,10-18-59-3pgs-tiff,,multiple,1,FALSE
9.8.59 5pgs.tiff,2026:09:06 10:09:16-04:00,09/06 10:09:16,"world wide art studios, covington tn",9/8/1959,world wide art studios,covington tn,,5,,9-8-59-5pgs-tiff,,multiple,1,FALSE
2.12.60 2pgs.tiff,2026:09:06 10:12:15-04:00,09/06 10:12:15,"carolyn, winston salem",2/12/1960,carolyn,winston salem,,2,,2-12-60-2pgs-tiff,,multiple,1,FALSE
12.30.59 2pgs.tiff,2026:09:06 10:14:59-04:00,09/06 10:14:59,"Misc, high point",12/30/1959,Misc,high point,,2,,12-30-59-2pgs-tiff,,multiple,1,FALSE
9.23.59 4pgs .tiff,2026:09:06 10:23:14-04:00,09/06 10:23:14,"?, richmond va",9/23/1959,?,richmond va,,4,,9-23-59-4pgs-tiff,,multiple,1,FALSE
2.1.58 2pgs env 3(1).tiff,2026:09:06 10:28:07-04:00,09/06 10:28:07,"grandmother gray, mobile alabama",2/1/1958,grandmother gray,mobile alabama,,2,3(1),2-1-58-2pgs-env-3-1-tiff,,multiple,1,FALSE
5.15.58 env. 4(2) 1pgs.tiff,2026:09:06 10:30:26-04:00,09/06 10:30:26,"grandmother gray, prichard alabama, mobile alabama",5/15/1958,grandmother gray,mobile alabama,prichard alabama,1,4(2),5-15-58-env-4-2-1pgs-tiff,,,1,FALSE
9.25.57 3pgs env. 1.tiff,2026:09:06 10:34:46-04:00,09/06 10:34:46,"buck, nyc, us army postal",9/25/1957,buck,us army postal,nyc,3,1,9-25-57-3pgs-env-1-tiff,,multiple,1,FALSE
10.10.57 4pgs env. 2.tiff,2026:09:06 10:40:32-04:00,09/06 10:40:32,"buck, nyc, us army postal",10/10/1957,buck,us army postal,nyc,4,2,10-10-57-4pgs-env-2-tiff,,multiple,1,FALSE
10.28.57 3pgs env.3.tiff,2026:09:06 10:47:03-04:00,09/06 10:47:03,"buck, nyc, us army postal",10/28/1957,buck,us army postal,nyc,3,3,10-28-57-3pgs-env-3-tiff,,multiple,1,FALSE
11.15.57 3pgs env. 4.tiff,2026:09:06 10:51:03-04:00,09/06 10:51:03,"buck, nyc, us army postal",11/15/1957,buck,us army postal,nyc,3,4,11-15-57-3pgs-env-4-tiff,,multiple,1,FALSE
1.13.58 3pgs env. 5.tiff,2026:09:06 10:55:27-04:00,09/06 10:55:27,"buck, nyc, us army postal",1/13/1958,buck,us army postal,nyc,3,5,1-13-58-3pgs-env-5-tiff,,multiple,1,FALSE
1.29.58 2pgs env. 6(1).tiff,2026:09:06 11:00:40-04:00,09/06 11:00:40,"buck, nyc, us army postal",1/29/1958,buck,us army postal,nyc,2,6(1),1-29-58-2pgs-env-6-1-tiff,,multiple,1,FALSE
3.1.58 4pgs env. 7(3).tiff,2026:09:06 11:07:32-04:00,09/06 11:07:32,"buck, nyc, us army postal",3/1/1958,buck,us army postal,nyc,4,7(3),3-1-58-4pgs-env-7-3-tiff,,multiple,1,FALSE
12.9.57 2pgs.tiff,2026:09:06 11:11:57-04:00,09/06 11:11:57,"danny, durham nc",12/9/1957,danny,durham nc,,2,,12-9-57-2pgs-tiff,,multiple,1,FALSE
1.20.58 2pgs env. 1(1).tiff,2026:09:06 11:15:05-04:00,09/06 11:15:05,"carolyn, raleigh, meredith college",1/20/1958,carolyn,meredith college,raleigh,2,1(1),1-20-58-2pgs-env-1-1-tiff,,multiple,1,FALSE
10.16.57 2pgs.tiff,2026:09:06 11:19:13-04:00,09/06 11:19:13,"joe, nashville tn",10/16/1957,joe,nashville tn,,2,,10-16-57-2pgs-tiff,,multiple,1,FALSE
12.4.57 3pgs.tiff,2026:09:06 11:23:51-04:00,09/06 11:23:51,"grandma, grandmother, pensacola",12/4/1957,grandma,pensacola,grandmother,3,,12-4-57-3pgs-tiff,,multiple,1,FALSE
9.30.57 1pgs env. 1.tiff,2026:09:06 11:26:21-04:00,09/06 11:26:21,"mary belle, ?, pembroke",9/30/1957,mary belle,pembroke,?,1,1,9-30-57-1pgs-env-1-tiff,,,1,FALSE
10.3.57 2pgs .tiff,2026:09:06 11:30:23-04:00,09/06 11:30:23,"aunt mary, de funiake springs florida",10/3/1957,aunt mary,de funiake springs florida,,2,,10-3-57-2pgs-tiff,,multiple,1,FALSE
12.16.57 2pgs env.2.tiff,2026:09:06 11:33:09-04:00,09/06 11:33:09,"aunt mary, de funiake springs florida",12/16/1957,aunt mary,de funiake springs florida,,2,2,12-16-57-2pgs-env-2-tiff,,multiple,1,FALSE
9.23.57 empty env.tiff,2026:09:06 11:34:28-04:00,09/06 11:34:28,"ronald, raeford nc",9/23/1957,ronald,raeford nc,,#N/A,,9-23-57-empty-env-tiff,,#N/A,1,FALSE
9.25.57 empty env. env 2.tiff,2026:09:06 11:35:48-04:00,09/06 11:35:48,"ronald, raeford nc",9/25/1957,ronald,raeford nc,,#N/A,2,9-25-57-empty-env-env-2-tiff,,#N/A,1,FALSE
12.12.57 1pgs env.3.tiff,2026:09:06 11:37:44-04:00,09/06 11:37:44,"ronald, raeford nc",12/12/1957,ronald,raeford nc,,1,3,12-12-57-1pgs-env-3-tiff,,,1,FALSE
12.17.58 1 pgs env.4.tiff,2026:09:06 11:40:01-04:00,09/06 11:40:01,"ronald, raeford nc",12/17/1958,ronald,raeford nc,,1,4,12-17-58-1-pgs-env-4-tiff,,,1,FALSE
3.5.58 1pgs env.5.tiff,2026:09:06 11:42:25-04:00,09/06 11:42:25,"ronald, raeford nc",3/5/1958,ronald,raeford nc,,1,5,3-5-58-1pgs-env-5-tiff,,,1,FALSE
10.1.57 3pgs.tiff,2026:09:06 11:45:55-04:00,09/06 11:45:55,"caroline, rowland nc",10/1/1957,caroline,rowland nc,,3,,10-1-57-3pgs-tiff,,multiple,1,FALSE
cecil ad 1pgs.tiff,2026:09:07 08:42:35-04:00,09/07 08:42:35,"Misc, high point",#N/A,Misc,high point,,1,,cecil-ad-1pgs-tiff,,,1,FALSE
12.14.56 1pgs env.1.tiff,2026:09:07 08:45:04-04:00,09/07 08:45:04,"peter, red bank nj",12/14/1956,peter,red bank nj,,1,1,12-14-56-1pgs-env-1-tiff,,,1,FALSE
11.27.56 1pgs env.2.tiff,2026:09:07 08:52:48-04:00,09/07 08:52:48,"peter, red bank nj",11/27/1956,peter,red bank nj,,1,2,11-27-56-1pgs-env-2-tiff,,,1,FALSE
12.4.56 2pgs env.3.tiff,2026:09:07 08:57:10-04:00,09/07 08:57:10,"peter, red bank nj",12/4/1956,peter,red bank nj,,2,3,12-4-56-2pgs-env-3-tiff,,multiple,1,FALSE
12.11.56 3pgs env.4.tiff,2026:09:07 09:01:02-04:00,09/07 09:01:02,"peter, red bank nj",12/11/1956,peter,red bank nj,,3,4,12-11-56-3pgs-env-4-tiff,,multiple,1,FALSE
9.18.56 2pgs env.1.tiff,2026:09:07 09:04:22-04:00,09/07 09:04:22,"carol, pembroke",9/18/1956,carol,pembroke,,2,1,9-18-56-2pgs-env-1-tiff,,multiple,1,FALSE
9.27.56 2pgs env.2.tiff,2026:09:07 09:07:17-04:00,09/07 09:07:17,"carol, pembroke",9/27/1956,carol,pembroke,,2,2,9-27-56-2pgs-env-2-tiff,,multiple,1,FALSE
10.11.56 2pgs env.3.tiff,2026:09:07 09:10:36-04:00,09/07 09:10:36,"carol, pembroke",10/11/1956,carol,pembroke,,2,3,10-11-56-2pgs-env-3-tiff,,multiple,1,FALSE
1.7.57 2pgs env.4.tiff,2026:09:07 09:13:38-04:00,09/07 09:13:38,"carol, pembroke",1/7/1957,carol,pembroke,,2,4,1-7-57-2pgs-env-4-tiff,,multiple,1,FALSE
2.7.57 2pgs env.5(1).tiff,2026:09:07 09:16:37-04:00,09/07 09:16:37,"carol, pembroke",2/7/1957,carol,pembroke,,2,5(1),2-7-57-2pgs-env-5-1-tiff,,multiple,1,FALSE
3.8.57 3pgs env.5(2).tiff,2026:09:07 09:20:47-04:00,09/07 09:20:47,"carol, pembroke",3/8/1957,carol,pembroke,,3,5(2),3-8-57-3pgs-env-5-2-tiff,,multiple,1,FALSE
3.19.57 3pgs env.6(3).tiff,2026:09:07 09:24:32-04:00,09/07 09:24:32,"carol, pembroke",3/19/1957,carol,pembroke,,3,6(3),3-19-57-3pgs-env-6-3-tiff,,multiple,1,FALSE
9.26.56 4pgs env.2.tiff,2026:09:07 09:30:29-04:00,09/07 09:30:29,"boy, pembroke",9/26/1956,boy,pembroke,,4,2,9-26-56-4pgs-env-2-tiff,,multiple,1,FALSE
11.6.56 2pgs env.3.tiff,2026:09:07 09:33:47-04:00,09/07 09:33:47,"boy, ?, pembroke",11/6/1956,boy,pembroke,?,2,3,11-6-56-2pgs-env-3-tiff,,multiple,1,FALSE
9.17.56 1pgs.tiff,2026:09:07 09:36:11-04:00,09/07 09:36:11,"mrs taylor, DUPLICATE NAME, bladenboro nc",9/17/1956,mrs taylor,bladenboro nc,DUPLICATE NAME,1,,9-17-56-1pgs-tiff,,,1,FALSE
9.17.56 1pgs env 1.tiff,2026:09:07 09:37:52-04:00,09/07 09:37:52,"?, betty gray, pembroke",9/17/1956,?,pembroke,betty gray,1,1,9-17-56-1pgs-env-1-tiff,,,1,FALSE
9.28.56 2pgs env 2-a.tiff,2026:09:07 09:41:10-04:00,09/07 09:41:10,"billy dorman, ?, pembroke",9/28/1956,billy dorman,pembroke,?,2,2,9-28-56-2pgs-env-2-a-tiff,,multiple,1,FALSE
10.8.56 2pgs env 3-a.tiff,2026:09:07 09:45:39-04:00,09/07 09:45:39,"billy dorman, pembroke",10/8/1956,billy dorman,pembroke,,2,3,10-8-56-2pgs-env-3-a-tiff,,multiple,1,FALSE
10.6.56 1pgs env.1.tiff,2026:09:07 09:48:38-04:00,09/07 09:48:38,"bushes, singleton, red springs",10/6/1956,bushes,red springs,singleton,1,1,10-6-56-1pgs-env-1-tiff,,,1,FALSE
10.16.56 1pgs env.2.tiff,2026:09:07 09:50:47-04:00,09/07 09:50:47,"Bee, fayetteville nc",10/16/1956,Bee,fayetteville nc,,1,2,10-16-56-1pgs-env-2-tiff,,,1,FALSE
10.23.56 1pgs env.3.tiff,2026:09:07 09:53:03-04:00,09/07 09:53:03,"Bee, fayetteville nc",10/23/1956,Bee,fayetteville nc,,1,3,10-23-56-1pgs-env-3-tiff,,,1,FALSE
1.14.57 1pgs env.4.tiff,2026:09:07 09:55:13-04:00,09/07 09:55:13,"bushes, fayetteville nc",1/14/1957,bushes,fayetteville nc,,1,4,1-14-57-1pgs-env-4-tiff,,,1,FALSE
1.9.57 3pgs env.1.tiff,2026:09:08 19:24:51-04:00,09/08 19:24:51,"bobbie, greensboro nc, greensboro college",1/9/1957,bobbie,greensboro college,greensboro nc,3,1,1-9-57-3pgs-env-1-tiff,,multiple,1,FALSE
1.15.57 2pgs env.2.tiff,2026:09:08 19:28:31-04:00,09/08 19:28:31,"bobbie, greensboro nc",1/15/1957,bobbie,greensboro nc,,2,2,1-15-57-2pgs-env-2-tiff,,multiple,1,FALSE
2.7.57 2pgs env.3(1).tiff,2026:09:08 19:32:13-04:00,09/08 19:32:13,"bobbie, greensboro nc",2/7/1957,bobbie,greensboro nc,,2,3(1),2-7-57-2pgs-env-3-1-tiff,,multiple,1,FALSE
2.9.57 2pgs env.4(2).tiff,2026:09:08 19:35:41-04:00,09/08 19:35:41,"bobbie, greensboro nc",2/9/1957,bobbie,greensboro nc,,2,4(2),2-9-57-2pgs-env-4-2-tiff,,multiple,1,FALSE
2.26.57 2pgs env.5(3).tiff,2026:09:08 19:39:01-04:00,09/08 19:39:01,"bobbie, greensboro nc",2/26/1957,bobbie,greensboro nc,,2,5(3),2-26-57-2pgs-env-5-3-tiff,,multiple,1,FALSE
3.13.57 3pgs env.6(4).tiff,2026:09:08 19:42:35-04:00,09/08 19:42:35,"babbie, greensboro nc",3/13/1957,babbie,greensboro nc,,3,6(4),3-13-57-3pgs-env-6-4-tiff,,multiple,1,FALSE
11.7.56 2pgs env.1.tiff,2026:09:08 19:45:43-04:00,09/08 19:45:43,"rebecca, red springs",11/7/1956,rebecca,red springs,,2,1,11-7-56-2pgs-env-1-tiff,,multiple,1,FALSE
12.4.56 5pgs env.2.tiff,2026:09:08 19:51:55-04:00,09/08 19:51:55,"rebecca, red springs",12/4/1956,rebecca,red springs,,5,2,12-4-56-5pgs-env-2-tiff,,multiple,1,FALSE
10.19.56 2pgs env.1.tiff,2026:09:08 19:56:26-04:00,09/08 19:56:26,"sandra, wakolla",10/19/1956,sandra,wakolla,,2,1,10-19-56-2pgs-env-1-tiff,,multiple,1,FALSE
no envelope 2pgs env.2.tiff,2026:09:08 19:59:03-04:00,09/08 19:59:03,"sandra, no loc",#N/A,sandra,no loc,,2,2,no-envelope-2pgs-env-2-tiff,,multiple,1,FALSE
11.7.56 3pgs env.3.tiff,2026:09:08 20:03:06-04:00,09/08 20:03:06,"sandra, red springs, wanalua",11/7/1956,sandra,wanalua,red springs,3,3,11-7-56-3pgs-env-3-tiff,,multiple,1,FALSE
6.1.56 10pgs .tiff,2026:09:09 17:56:44-04:00,09/09 17:56:44,"pat moore, king nc",6/1/1956,pat moore,king nc,,10,,6-1-56-10pgs-tiff,,multiple,1,FALSE
7.2.56 4pgs .tiff,2026:09:09 18:03:05-04:00,09/09 18:03:05,"pat moore, king nc",7/2/1956,pat moore,king nc,,4,,7-2-56-4pgs-tiff,,multiple,1,FALSE
8.22.56 3pgs.tiff,2026:09:09 18:06:49-04:00,09/09 18:06:49,"pat moore, king nc",8/22/1956,pat moore,king nc,,3,,8-22-56-3pgs-tiff,,multiple,1,FALSE
11.7.56 2pgs env.1 2nd.tiff,2026:09:09 18:09:45-04:00,09/09 18:09:45,"danny, durham nc",11/7/1956,danny,durham nc,,2,1 ,11-7-56-2pgs-env-1-2nd-tiff,,multiple,1,FALSE
11.18.56 2pgs env.2.tiff,2026:09:09 18:14:06-04:00,09/09 18:14:06,"danny, durham nc",11/18/1956,danny,durham nc,,2,2,11-18-56-2pgs-env-2-tiff,,multiple,1,FALSE
12.2.56 1pgs env.3.tiff,2026:09:09 18:17:07-04:00,09/09 18:17:07,"danny, durham nc",12/2/1956,danny,durham nc,,1,3,12-2-56-1pgs-env-3-tiff,,,1,FALSE
12.10.56 2pgs env.4.tiff,2026:09:09 18:19:56-04:00,09/09 18:19:56,"danny, durham nc",12/10/1956,danny,durham nc,,2,4,12-10-56-2pgs-env-4-tiff,,multiple,1,FALSE
1.7.57 1pgs env.5.tiff,2026:09:09 18:22:07-04:00,09/09 18:22:07,"danny, durham nc",1/7/1957,danny,durham nc,,1,5,1-7-57-1pgs-env-5-tiff,,,1,FALSE
1.30.57 2pgs env.6(1).tiff,2026:09:09 18:25:51-04:00,09/09 18:25:51,"danny, durham nc",1/30/1957,danny,durham nc,,2,6(1),1-30-57-2pgs-env-6-1-tiff,,multiple,1,FALSE
2.16.57 2pgs env.7(2).tiff,2026:09:10 18:42:24-04:00,09/10 18:42:24,"danny, durham nc",2/16/1957,danny,durham nc,,2,7(2),2-16-57-2pgs-env-7-2-tiff,,multiple,1,FALSE
3.10.57 2pgs env.8(3).tiff,2026:09:10 19:29:13-04:00,09/10 19:29:13,"danny, durham nc",3/10/1957,danny,durham nc,,2,8(3),3-10-57-2pgs-env-8-3-tiff,,multiple,1,FALSE
3.19.57 empty envelope env.9(4).tiff,2026:09:10 19:31:32-04:00,09/10 19:31:32,"danny, durham nc",3/19/1957,danny,durham nc,,#N/A,9(4),3-19-57-empty-envelope-env-9-4-tiff,,#N/A,1,FALSE
3.22.57 2pgs env.10(5).tiff,2026:09:10 19:34:10-04:00,09/10 19:34:10,"danny, durham nc",3/22/1957,danny,durham nc,,2,10(5),3-22-57-2pgs-env-10-5-tiff,,multiple,1,FALSE
4.10.57 2pgs env.11(6).tiff,2026:09:10 19:37:33-04:00,09/10 19:37:33,"danny, durham nc",4/10/1957,danny,durham nc,,2,11(6),4-10-57-2pgs-env-11-6-tiff,,multiple,1,FALSE
4.23.57 1pgs env.12(7).tiff,2026:09:10 19:39:46-04:00,09/10 19:39:46,"danny, durham nc",4/23/1957,danny,durham nc,,1,12(7),4-23-57-1pgs-env-12-7-tiff,,,1,FALSE
5.7.57 2pgs env.13(8).tiff,2026:09:10 19:42:33-04:00,09/10 19:42:33,"danny, durham nc",5/7/1957,danny,durham nc,,2,13(8),5-7-57-2pgs-env-13-8-tiff,,multiple,1,FALSE
5.12.57 2pgs env.14(9).tiff,2026:09:10 19:45:43-04:00,09/10 19:45:43,"danny, ?, durham nc",5/12/1957,danny,durham nc,?,2,14(9),5-12-57-2pgs-env-14-9-tiff,,multiple,1,FALSE
9.22.56 2pgs env.1.tiff,2026:09:10 19:48:42-04:00,09/10 19:48:42,"carolyn, meredith college, raleigh",9/22/1956,carolyn,raleigh,meredith college,2,1,9-22-56-2pgs-env-1-tiff,,multiple,1,FALSE
9.28.56 2pgs env.2-b.tiff,2026:09:10 19:50:35-04:00,09/10 19:50:35,"carolyn, meredith college, raleigh, INCOMPLETE",9/28/1956,carolyn,INCOMPLETE,"meredith college, raleigh",2,2,9-28-56-2pgs-env-2-b-tiff,,multiple,1,FALSE
4.6.57 2pgs env.84(30).tiff,2026:09:12 17:50:13-04:00,09/12 17:50:13,"mother, pembroke",4/6/1957,mother,pembroke,,2,84(30),4-6-57-2pgs-env-84-30-tiff,,multiple,1,FALSE
3.12.58 3pgs.tiff,2026:09:12 17:54:26-04:00,09/12 17:54:26,"?, pembroke",3/12/1958,?,pembroke,,3,,3-12-58-3pgs-tiff,,multiple,1,FALSE
2pgs prayer.tiff,2026:09:12 17:56:05-04:00,09/12 17:56:05,"grandmother gray, prayer, no loc",#N/A,grandmother gray,no loc,prayer,2,,2pgs-prayer-tiff,,multiple,1,FALSE
10.15.56 2pgs env.1.tiff,2026:09:12 17:58:48-04:00,09/12 17:58:48,"sis, red springs",10/15/1956,sis,red springs,,2,1,10-15-56-2pgs-env-1-tiff,,multiple,1,FALSE
10.24.56 2pgs env.2.tiff,2026:09:12 18:02:23-04:00,09/12 18:02:23,"sis, red springs",10/24/1956,sis,red springs,,2,2,10-24-56-2pgs-env-2-tiff,,multiple,1,FALSE
11.5.56 2pgs. env.3.tiff,2026:09:12 18:06:13-04:00,09/12 18:06:13,"sis, red springs",11/5/1956,sis,red springs,,2,3,11-5-56-2pgs-env-3-tiff,,multiple,1,FALSE
11.8.56 3pgs. env.4.tiff,2026:09:12 18:09:58-04:00,09/12 18:09:58,"eleanor, red springs",11/8/1956,eleanor,red springs,,3,4,11-8-56-3pgs-env-4-tiff,,multiple,1,FALSE
11.28.56 1pgs. env.5.tiff,2026:09:12 18:14:33-04:00,09/12 18:14:33,"eleanor, red springs",11/28/1956,eleanor,red springs,,1,5,11-28-56-1pgs-env-5-tiff,,,1,FALSE
12.4.56 1pgs env.6.tiff,2026:09:12 18:16:52-04:00,09/12 18:16:52,"eleanor, red springs",12/4/1956,eleanor,red springs,,1,6,12-4-56-1pgs-env-6-tiff,,,1,FALSE
1.21.57 2pgs env.7.tiff,2026:09:12 18:19:58-04:00,09/12 18:19:58,"elanore, red springs",1/21/1957,elanore,red springs,,2,7,1-21-57-2pgs-env-7-tiff,,multiple,1,FALSE
7.1.56 1pgs env.1.tiff,2026:09:12 18:22:53-04:00,09/12 18:22:53,"hazel, pembroke",7/1/1956,hazel,pembroke,,1,1,7-1-56-1pgs-env-1-tiff,,,1,FALSE
3.5.57 2pgs env.2(1).tiff,2026:09:12 18:25:27-04:00,09/12 18:25:27,"hazel, pembroke",3/5/1957,hazel,pembroke,,2,2(1),3-5-57-2pgs-env-2-1-tiff,,multiple,1,FALSE
11.20.56 1pgs env.1.tiff,2026:09:12 18:27:26-04:00,09/12 18:27:26,"brenda, red springs",11/20/1956,brenda,red springs,,1,1,11-20-56-1pgs-env-1-tiff,,,1,FALSE
2.23.57 2pgs env.2(1).tiff,2026:09:12 18:30:30-04:00,09/12 18:30:30,"brenda, red springs",2/23/1957,brenda,red springs,,2,2(1),2-23-57-2pgs-env-2-1-tiff,,multiple,1,FALSE
10.16.57 2pgs no envelope.tiff,2026:09:12 18:32:55-04:00,09/12 18:32:55,"joyce ellen, roxboro nc",10/16/1957,joyce ellen,roxboro nc,,2,,10-16-57-2pgs-no-envelope-tiff,,multiple,1,FALSE
9.11.57 1pgs env.1.tiff,2026:09:12 18:34:49-04:00,09/12 18:34:49,"carolyn, meredith college, raleigh",9/11/1957,carolyn,raleigh,meredith college,1,1,9-11-57-1pgs-env-1-tiff,,,1,FALSE
10.8.56 2pgs env.3-b.tiff,2026:09:12 18:39:02-04:00,09/12 18:39:02,"carolyn, meredith college, raleigh",10/8/1956,carolyn,raleigh,meredith college,2,3,10-8-56-2pgs-env-3-b-tiff,,multiple,1,FALSE
10.18.56 2pgs env.4 +tissue.tiff,2026:09:12 18:43:48-04:00,09/12 18:43:48,"carolyn, meredith college, raleigh",10/18/1956,carolyn,raleigh,meredith college,2,4 ,10-18-56-2pgs-env-4-tissue-tiff,,multiple,1,FALSE
10.30.56 4pgs env.5.tiff,2026:09:12 19:30:00-04:00,09/12 19:30:00,"carolyn, meredith college, raleigh",10/30/1956,carolyn,raleigh,meredith college,4,5,10-30-56-4pgs-env-5-tiff,,multiple,1,FALSE
11.12.56 4pgs env.6.tiff,2026:09:12 19:35:30-04:00,09/12 19:35:30,"carolyn, meredith college, raleigh",11/12/1956,carolyn,raleigh,meredith college,4,6,11-12-56-4pgs-env-6-tiff,,multiple,1,FALSE
12.3.56 4pgs env.7 +teabag.tiff,2026:09:12 19:40:59-04:00,09/12 19:40:59,"carolyn, meredith college, raleigh",12/3/1956,carolyn,raleigh,meredith college,4,7 ,12-3-56-4pgs-env-7-teabag-tiff,,multiple,1,FALSE
2.19.57 3pgs env.8(1).tiff,2026:09:12 19:45:20-04:00,09/12 19:45:20,"carolyn, meredith college, raleigh",2/19/1957,carolyn,raleigh,meredith college,3,8(1),2-19-57-3pgs-env-8-1-tiff,,multiple,1,FALSE
3.23.57 2pgs env.9(2).tiff,2026:09:12 19:48:27-04:00,09/12 19:48:27,"carolyn, meredith college, raleigh",3/23/1957,carolyn,raleigh,meredith college,2,9(2),3-23-57-2pgs-env-9-2-tiff,,multiple,1,FALSE
4.11.57 2pgs env.10(3).tiff,2026:09:12 19:54:40-04:00,09/12 19:54:40,"carolyn, meredith college, raleigh",4/11/1957,carolyn,raleigh,meredith college,2,10(3),4-11-57-2pgs-env-10-3-tiff,,multiple,1,FALSE
4.25.57 2pgs env.11(4).tiff,2026:09:12 19:57:47-04:00,09/12 19:57:47,"carolyn, meredith college, raleigh",4/25/1957,carolyn,raleigh,meredith college,2,11(4),4-25-57-2pgs-env-11-4-tiff,,multiple,1,FALSE
2.20.57 2pgs. env.1.tiff,2026:09:12 20:01:05-04:00,09/12 20:01:05,"brown, jb mcboyde, imperial beach cali",2/20/1957,brown,imperial beach cali,jb mcboyde,2,1,2-20-57-2pgs-env-1-tiff,,multiple,1,FALSE
4.17.57 2pgs env.2.tiff,2026:09:12 20:04:58-04:00,09/12 20:04:58,"brown, jb mcboyde, imperial beach cali",4/17/1957,brown,imperial beach cali,jb mcboyde,2,2,4-17-57-2pgs-env-2-tiff,,multiple,1,FALSE
7.10.57 2pgs .tiff,2026:09:12 20:08:45-04:00,09/12 20:08:45,"john, kaye, winston salem",7/10/1957,john,winston salem,kaye,2,,7-10-57-2pgs-tiff,,multiple,1,FALSE
7.21.57 3pgs .tiff,2026:09:12 20:13:18-04:00,09/12 20:13:18,"kaye, kay, winston salem",7/21/1957,kaye,winston salem,kay,3,,7-21-57-3pgs-tiff,,multiple,1,FALSE
7.13.57 5pgs.tiff,2026:09:12 21:31:27-04:00,09/12 21:31:27,"nancy crews, nancy, winston salem",7/13/1957,nancy crews,winston salem,nancy,5,,7-13-57-5pgs-tiff,,multiple,1,FALSE
7.30.57 2pgs +negatives.tiff,2026:09:12 21:35:14-04:00,09/12 21:35:14,"?, thomasville nc",7/30/1957,?,thomasville nc,,2,,7-30-57-2pgs-negatives-tiff,,multiple,1,FALSE
6.12.57 1pgs.tiff,2026:09:12 21:37:26-04:00,09/12 21:37:26,"j h cecil, thomasville nc",6/12/1957,j h cecil,thomasville nc,,1,,6-12-57-1pgs-tiff,,,1,FALSE
6.?.57 1pgs.tiff,2026:09:12 21:39:09-04:00,09/12 21:39:09,"frances, postcard, methodist, arapahoe nc",#N/A,frances,arapahoe nc,"postcard, methodist",1,,6-57-1pgs-tiff,,,1,FALSE
11.4.58 empty env.tiff,2026:09:12 21:40:06-04:00,09/12 21:40:06,"bank, high point",11/4/1958,bank,high point,,#N/A,,11-4-58-empty-env-tiff,,#N/A,1,FALSE
test 300.tiff,2026:09:15 18:22:08-04:00,09/15 18:22:08,,#N/A,#N/A,#N/A,,#N/A,,test-300-tiff,,#N/A,1,FALSE
8.26.57 empty envelope.tif,2026:09:20 07:58:23-04:00,09/20 07:58:23,"methodist, hamlet nc",8/26/1957,methodist,hamlet nc,,#N/A,,8-26-57-empty-envelope-tif,,#N/A,1,FALSE
cardlist.tif,2026:09:20 11:13:56-04:00,09/20 11:13:56,"Misc, no loc",#N/A,Misc,no loc,,#N/A,,cardlist-tif,,#N/A,1,FALSE
11.22.57 empty envelope env.35.tif,2026:09:20 11:29:42-04:00,09/20 11:29:42,"mother, pembroke",11/22/1957,mother,pembroke,,#N/A,35,11-22-57-empty-envelope-env-35-tif,,#N/A,1,FALSE
4.26.60 empty envelope.tif,2026:09:20 13:44:35-04:00,09/20 13:44:35,"?, winston salem",4/26/1960,?,winston salem,,#N/A,,4-26-60-empty-envelope-tif,,#N/A,1,FALSE
2.19.58 empty envelope RB.tif,2026:09:20 14:28:11-04:00,09/20 14:28:11,"bobby, greensboro",2/19/1958,bobby,greensboro,,#N/A,,2-19-58-empty-envelope-rb-tif,,#N/A,1,FALSE
empty envelope bobby RB.tif,2026:09:21 11:42:17-04:00,09/21 11:42:17,"bobby, roxboro nc",#N/A,bobby,roxboro nc,,#N/A,,empty-envelope-bobby-rb-tif,,#N/A,1,FALSE
10.28.57 2pgs env.2 RB.tif,2026:09:21 11:51:44-04:00,09/21 11:51:44,"bobby, roxboro nc",10/28/1957,bobby,roxboro nc,,2,2 ,10-28-57-2pgs-env-2-rb-tif,,multiple,1,FALSE
11.12.57 2pgs env.3 RB.tif,2026:09:21 11:57:50-04:00,09/21 11:57:50,"bobby, roxboro nc",11/12/1957,bobby,roxboro nc,,2,3 ,11-12-57-2pgs-env-3-rb-tif,,multiple,1,FALSE
11.19.57 2pgs env.4 RB.tif,2026:09:21 12:00:31-04:00,09/21 12:00:31,"bobby, roxboro nc",11/19/1957,bobby,roxboro nc,,2,4 ,11-19-57-2pgs-env-4-rb-tif,,multiple,1,FALSE
12.10.57 2pgs env.5 RB.tif,2026:09:21 12:03:40-04:00,09/21 12:03:40,"bobby, roxboro nc",12/10/1957,bobby,roxboro nc,,2,5 ,12-10-57-2pgs-env-5-rb-tif,,multiple,1,FALSE
1.7.58 2pgs env.6 RB.tif,2026:09:21 12:06:00-04:00,09/21 12:06:00,"bobby, roxboro nc",1/7/1958,bobby,roxboro nc,,2,6 ,1-7-58-2pgs-env-6-rb-tif,,multiple,1,FALSE
1.13.58 2pgs env.7 RB.tif,2026:09:21 12:08:55-04:00,09/21 12:08:55,"bobby, roxboro nc",1/13/1958,bobby,roxboro nc,,2,7 ,1-13-58-2pgs-env-7-rb-tif,,multiple,1,FALSE
1.27.58 2pgs env.8(1) RB.tif,2026:09:21 12:11:58-04:00,09/21 12:11:58,"bobby, roxboro nc",1/27/1958,bobby,roxboro nc,,2,8(1),1-27-58-2pgs-env-8-1-rb-tif,,multiple,1,FALSE
2.3.58 2pgs env.9(2) RB.tif,2026:09:21 12:14:02-04:00,09/21 12:14:02,"bobby, roxboro nc",2/3/1958,bobby,roxboro nc,,2,9(2),2-3-58-2pgs-env-9-2-rb-tif,,multiple,1,FALSE
2.17.58 2pgs env.10(3) RB.tif,2026:09:21 12:16:07-04:00,09/21 12:16:07,"bobby, roxboro nc",2/17/1958,bobby,roxboro nc,,2,10(3),2-17-58-2pgs-env-10-3-rb-tif,,multiple,1,FALSE
2.28.58 2pgs env.11(4) RB.tif,2026:09:21 12:18:41-04:00,09/21 12:18:41,"bobby, roxboro nc",2/28/1958,bobby,roxboro nc,,2,11(4),2-28-58-2pgs-env-11-4-rb-tif,,multiple,1,FALSE
3.4.58 3pgs env.12(5) RB.tif,2026:09:21 12:20:46-04:00,09/21 12:20:46,"bobby, roxboro nc",3/4/1958,bobby,roxboro nc,,3,12(5),3-4-58-3pgs-env-12-5-rb-tif,,multiple,1,FALSE
3.12.58 2pgs env.13(6) RB.tif,2026:09:21 12:23:46-04:00,09/21 12:23:46,"bobby, tampa fl",3/12/1958,bobby,tampa fl,,2,13(6),3-12-58-2pgs-env-13-6-rb-tif,,multiple,1,FALSE
3.18.58 4pgs env.14(7) RB.tif,2026:09:21 12:28:41-04:00,09/21 12:28:41,"bobby, tampa fl",3/18/1958,bobby,tampa fl,,4,14(7),3-18-58-4pgs-env-14-7-rb-tif,,multiple,1,FALSE
3.29.58 3pgs env.15(8):16(9) RB.tif.tif,2026:09:21 12:35:36-04:00,09/21 12:35:36,"bobby, tampa fl",3/29/1958,bobby,tampa fl,,3,15(8),3-29-58-3pgs-env-15-8-16-9-rb-tif-tif,,multiple,1,FALSE
4.11.58 2pgs env.18(11) RB.tif,2026:09:21 12:38:52-04:00,09/21 12:38:52,"bobby, east st louis",4/11/1958,bobby,east st louis,,2,18(11),4-11-58-2pgs-env-18-11-rb-tif,,multiple,1,FALSE
4.6.58 3pgs env.17(10) RB.tif,2026:09:21 12:41:16-04:00,09/21 12:41:16,"bobby, east st louis",4/6/1958,bobby,east st louis,,3,17(10),4-6-58-3pgs-env-17-10-rb-tif,,multiple,1,FALSE
5.13.58 2pgs env.18(12) RB.tif,2026:09:21 12:44:47-04:00,09/21 12:44:47,"bobby, east st louis",5/13/1958,bobby,east st louis,,2,18(12),5-13-58-2pgs-env-18-12-rb-tif,,multiple,1,FALSE
4.23.58 2pgs env.19(13) RB.tif,2026:09:21 12:46:59-04:00,09/21 12:46:59,"bobby, roxboro nc",4/23/1958,bobby,roxboro nc,,2,19(13),4-23-58-2pgs-env-19-13-rb-tif,,multiple,1,FALSE
5.8.58 1pgs env.20(14) RB.tif,2026:09:21 12:48:59-04:00,09/21 12:48:59,"bobby, roxboro nc",5/8/1958,bobby,roxboro nc,,1,20(14),5-8-58-1pgs-env-20-14-rb-tif,,,1,FALSE
8.13.57 1pgs.tiff,2026:09:21 13:19:02-04:00,09/21 13:19:02,"nancy, orrum nc",8/13/1957,nancy,orrum nc,,1,,8-13-57-1pgs-tiff,,,1,FALSE
8.14.57 2pgs.tif,2026:09:21 13:59:52-04:00,09/21 13:59:52,"barbara, high point",8/14/1957,barbara,high point,,2,,8-14-57-2pgs-tif,,multiple,1,FALSE
8.6.57 4pgs.tif,2026:09:21 14:02:05-04:00,09/21 14:02:05,"babbye, ?, robbins nc",8/6/1957,babbye,robbins nc,?,4,,8-6-57-4pgs-tif,,multiple,1,FALSE
8.15.57 2pgs.tif,2026:09:21 14:03:02-04:00,09/21 14:03:02,"stroo, kappa delta, winston salem",8/15/1957,stroo,winston salem,kappa delta,2,,8-15-57-2pgs-tif,,multiple,1,FALSE
8.8.57 6pgs.tif,2026:09:21 14:04:09-04:00,09/21 14:04:09,"kaye, winston salem",8/8/1957,kaye,winston salem,,6,,8-8-57-6pgs-tif,,multiple,1,FALSE
4.30.60 3pgs.tif,2026:09:21 14:05:52-04:00,09/21 14:05:52,"methodist, smithfield nc",4/30/1960,methodist,smithfield nc,,3,,4-30-60-3pgs-tif,,multiple,1,FALSE
2.26.60 3pgs.tif,2026:09:21 14:07:02-04:00,09/21 14:07:02,"mrs k, pembroke",2/26/1960,mrs k,pembroke,,3,,2-26-60-3pgs-tif,,multiple,1,FALSE
12.21.59 3pgs.tif,2026:09:21 14:08:07-04:00,09/21 14:08:07,"brenda, aberdeen nc",12/21/1959,brenda,aberdeen nc,,3,,12-21-59-3pgs-tif,,multiple,1,FALSE
3.3.60 2pgs.tif,2026:09:21 14:09:42-04:00,09/21 14:09:42,"helen, greensboro",3/3/1960,helen,greensboro,,2,,3-3-60-2pgs-tif,,multiple,1,FALSE
11.6.59 2pgs.tif,2026:09:21 14:11:44-04:00,09/21 14:11:44,"brenda, elon college nc",11/6/1959,brenda,elon college nc,,2,,11-6-59-2pgs-tif,,multiple,1,FALSE
2.26.60 3pgs 2nd.tif,2026:09:21 14:12:59-04:00,09/21 14:12:59,"carol, carol darla, pembroke",2/26/1960,carol,pembroke,carol darla,3,,2-26-60-3pgs-2nd-tif,,multiple,1,FALSE
7.5.57 4pgs.tif,2026:09:21 14:14:10-04:00,09/21 14:14:10,"Misc, high point",7/5/1957,Misc,high point,,4,,7-5-57-4pgs-tif,,multiple,1,FALSE
3.3.58 1pgs.tif,2026:09:21 14:15:18-04:00,09/21 14:15:18,"kay, kaye, winston salem",3/3/1958,kay,winston salem,kaye,1,,3-3-58-1pgs-tif,,,1,FALSE
1.17.58 1pgs.tif,2026:09:21 14:16:17-04:00,09/21 14:16:17,"dorothy, kappa delta, beloit wisc",1/17/1958,dorothy,beloit wisc,kappa delta,1,,1-17-58-1pgs-tif,,,1,FALSE
3.24.58 3pgs env.1.tif,2026:09:21 14:17:15-04:00,09/21 14:17:15,"penny, penelope, membane nc",3/24/1958,penny,membane nc,penelope,3,1,3-24-58-3pgs-env-1-tif,,multiple,1,FALSE
4.23.58 2pgs env.2.tif,2026:09:21 14:18:14-04:00,09/21 14:18:14,"penelope, membane nc",4/23/1958,penelope,membane nc,,2,2,4-23-58-2pgs-env-2-tif,,multiple,1,FALSE
4.5.58 2pgs .tif,2026:09:21 15:01:02-04:00,09/21 15:01:02,"sarah, thomasville nc",4/5/1958,sarah,thomasville nc,,2,,4-5-58-2pgs-tif,,multiple,1,FALSE
1.14.60 1pgs.tif,2026:09:21 15:03:05-04:00,09/21 15:03:05,"billy, red springs",1/14/1960,billy,red springs,,1,,1-14-60-1pgs-tif,,,1,FALSE
2.7.60 2pgs.tif,2026:09:21 15:04:09-04:00,09/21 15:04:09,"brenda, burlington nc",2/7/1960,brenda,burlington nc,,2,,2-7-60-2pgs-tif,,multiple,1,FALSE
12.19.59 2pgs.tif,2026:09:21 15:05:05-04:00,09/21 15:05:05,"sarah, billy, thomasville nc",12/19/1959,sarah,thomasville nc,billy,2,,12-19-59-2pgs-tif,,multiple,1,FALSE
pembroke 1pgs.tif,2026:09:21 15:06:03-04:00,09/21 15:06:03,"Misc, no loc",#N/A,Misc,no loc,,1,,pembroke-1pgs-tif,,,1,FALSE
11.21.57 1pgs env.34.tif,2026:09:21 15:07:35-04:00,09/21 15:07:35,"mother, no loc",11/21/1957,mother,no loc,,1,34,11-21-57-1pgs-env-34-tif,,,1,FALSE
11.20.57 2pgs env.33.tif,2026:09:21 15:08:32-04:00,09/21 15:08:32,"mother, pembroke",11/20/1957,mother,pembroke,,2,33,11-20-57-2pgs-env-33-tif,,multiple,1,FALSE
11.13.57 1pgs env.32.tif,2026:09:21 15:09:52-04:00,09/21 15:09:52,"mother, pembroke",11/13/1957,mother,pembroke,,1,32,11-13-57-1pgs-env-32-tif,,,1,FALSE
11.11.57 2pgs env.31.tif,2026:09:21 15:11:01-04:00,09/21 15:11:01,"mother, pembroke",11/11/1957,mother,pembroke,,2,31,11-11-57-2pgs-env-31-tif,,multiple,1,FALSE
11.11.57 2pgs env.30.tif,2026:09:21 15:11:39-04:00,09/21 15:11:39,"mother, pembroke",11/11/1957,mother,pembroke,,2,30,11-11-57-2pgs-env-30-tif,,multiple,1,FALSE
11.20.59 2pgs.tif,2026:09:21 15:12:17-04:00,09/21 15:12:17,"grandmother, pensacola",11/20/1959,grandmother,pensacola,,2,,11-20-59-2pgs-tif,,multiple,1,FALSE
11.7.57 1pgs env.29.tif,2026:09:21 15:13:00-04:00,09/21 15:13:00,"mother, pembroke",11/7/1957,mother,pembroke,,1,29,11-7-57-1pgs-env-29-tif,,,1,FALSE
8.2.57 1pgs.tif,2026:09:21 15:13:40-04:00,09/21 15:13:40,"david, greensboro",8/2/1957,david,greensboro,,1,,8-2-57-1pgs-tif,,,1,FALSE
7.10.57 2pgs.tif,2026:09:21 15:14:30-04:00,09/21 15:14:30,"nancy, nancy britt, orrum nc",7/10/1957,nancy,orrum nc,nancy britt,2,,7-10-57-2pgs-tif,,multiple,1,FALSE
6.21.57 2pgs.tif,2026:09:21 15:15:27-04:00,09/21 15:15:27,"sara jackson, laurel hill",6/21/1957,sara jackson,laurel hill,,2,,6-21-57-2pgs-tif,,multiple,1,FALSE
7.19.57 2pgs.tif,2026:09:21 15:16:25-04:00,09/21 15:16:25,"nancy britt, nancy, orrum nc",7/19/1957,nancy britt,orrum nc,nancy,2,,7-19-57-2pgs-tif,,multiple,1,FALSE
6.6.57 1pgs.tif,2026:09:21 15:17:16-04:00,09/21 15:17:16,"aunt maude, red springs",6/6/1957,aunt maude,red springs,,1,,6-6-57-1pgs-tif,,,1,FALSE
8.13.57 2pgs.tif,2026:09:21 15:17:59-04:00,09/21 15:17:59,"harold wright, lawndale nc",8/13/1957,harold wright,lawndale nc,,2,,8-13-57-2pgs-tif,,multiple,1,FALSE
nannie notes.tif,2026:09:21 15:19:20-04:00,09/21 15:19:20,"betty gray, no loc",#N/A,betty gray,no loc,,#N/A,,nannie-notes-tif,,#N/A,1,FALSE
7.30.57 2pgs.tif,2026:09:21 15:20:13-04:00,09/21 15:20:13,"nancy, orrum nc",7/30/1957,nancy,orrum nc,,2,,7-30-57-2pgs-tif,,multiple,1,FALSE
6.24.57 2pgs.tif,2026:09:21 15:20:54-04:00,09/21 15:20:54,"?, kappa delta, mount airy nc",6/24/1957,?,mount airy nc,kappa delta,2,,6-24-57-2pgs-tif,,multiple,1,FALSE
7.29.57 3pgs.tif,2026:09:21 15:21:40-04:00,09/21 15:21:40,"stroo, stros, kappa delta, winston salem",7/29/1957,stroo,winston salem,"stros, kappa delta",3,,7-29-57-3pgs-tif,,multiple,1,FALSE
7.29.57 3pgs 2nd.tif,2026:09:21 15:22:18-04:00,09/21 15:22:18,"jb mcboyde, nyc",7/29/1957,jb mcboyde,nyc,,3,,7-29-57-3pgs-2nd-tif,,multiple,1,FALSE
7.7.57 2pgs.tif,2026:09:21 15:23:00-04:00,09/21 15:23:00,"stroo, stros, kappa delta, winston salem",7/7/1957,stroo,winston salem,"stros, kappa delta",2,,7-7-57-2pgs-tif,,multiple,1,FALSE
likely 1957. 2pgs.tif,2026:09:21 15:23:38-04:00,09/21 15:23:38,"Haskins, no loc",#N/A,Haskins,no loc,,2,,likely-1957-2pgs-tif,,multiple,1,FALSE
7.21.57 3pgs.tif,2026:09:21 15:24:20-04:00,09/21 15:24:20,"stros, kappa delta, winston salem, stroo",7/21/1957,stros,stroo,"kappa delta, winston salem",3,,7-21-57-3pgs-tif,,multiple,1,FALSE
7.2.57 4pgs no envelope .tif,2026:09:21 15:25:03-04:00,09/21 15:25:03,"mother, no loc",7/2/1957,mother,no loc,,4,,7-2-57-4pgs-no-envelope-tif,,multiple,1,FALSE
6.22.57 2pgs.tif,2026:09:21 15:25:55-04:00,09/21 15:25:55,"Haskins, elizabethtown nc",6/22/1957,Haskins,elizabethtown nc,,2,,6-22-57-2pgs-tif,,multiple,1,FALSE
6.12.57 4pgs .tif,2026:09:21 15:26:44-04:00,09/21 15:26:44,"Harley Cecil, thomasville nc",6/12/1957,Harley Cecil,thomasville nc,,4,,6-12-57-4pgs-tif,,multiple,1,FALSE
4.26.60 1pgs.tif,2026:09:21 15:27:22-04:00,09/21 15:27:22,"sandra, greensboro",4/26/1960,sandra,greensboro,,1,,4-26-60-1pgs-tif,,,1,FALSE
4.23.60 1pgs.tif,2026:09:21 15:28:05-04:00,09/21 15:28:05,"arthur, no loc",4/23/1960,arthur,no loc,,1,,4-23-60-1pgs-tif,,,1,FALSE
5.6.60 1pgs.tif,2026:09:21 15:28:55-04:00,09/21 15:28:55,"wampler, fort benning ga",5/6/1960,wampler,fort benning ga,,1,,5-6-60-1pgs-tif,,,1,FALSE
2.25.60 3pgs.tif,2026:09:21 15:29:32-04:00,09/21 15:29:32,"betty gray, ?, red springs",2/25/1960,betty gray,red springs,?,3,,2-25-60-3pgs-tif,,multiple,1,FALSE
4.27.60 1pgs.tif,2026:09:21 15:30:42-04:00,09/21 15:30:42,"betsy k ewig, nashville tn",4/27/1960,betsy k ewig,nashville tn,,1,,4-27-60-1pgs-tif,,,1,FALSE
2.4.60 2pgs.tif,2026:09:21 15:32:51-04:00,09/21 15:32:51,"betty gray, ?, red springs",2/4/1960,betty gray,red springs,?,2,,2-4-60-2pgs-tif,,multiple,1,FALSE
2.24.60 2pgs.tif,2026:09:21 15:33:43-04:00,09/21 15:33:43,"methodist, durham nc",2/24/1960,methodist,durham nc,,2,,2-24-60-2pgs-tif,,multiple,1,FALSE
2.25.60 4pgs.tif,2026:09:21 15:34:28-04:00,09/21 15:34:28,"methodist, bob, durham nc",2/25/1960,methodist,durham nc,bob,4,,2-25-60-4pgs-tif,,multiple,1,FALSE
3.29.60 2pgs.tif,2026:09:21 15:35:04-04:00,09/21 15:35:04,"helen, greensboro",3/29/1960,helen,greensboro,,2,,3-29-60-2pgs-tif,,multiple,1,FALSE
3.10.60 2pgs.tif,2026:09:21 15:35:55-04:00,09/21 15:35:55,"helen, greensboro",3/10/1960,helen,greensboro,,2,,3-10-60-2pgs-tif,,multiple,1,FALSE
3.22.60 2pgs.tif,2026:09:21 15:36:54-04:00,09/21 15:36:54,"brenda, elon college nc",3/22/1960,brenda,elon college nc,,2,,3-22-60-2pgs-tif,,multiple,1,FALSE
4.12.60 5pgs.tif,2026:09:21 15:38:25-04:00,09/21 15:38:25,"bank, lumberton nc",4/12/1960,bank,lumberton nc,,5,,4-12-60-5pgs-tif,,multiple,1,FALSE
1.9.58 2pgs env.1 rubber banded.tif,2026:09:21 15:39:02-04:00,09/21 15:39:02,"bill, greensboro",1/9/1958,bill,greensboro,,2,1 ,1-9-58-2pgs-env-1-rubber-banded-tif,,multiple,1,FALSE
1.13.58 1pgs env.2 RB.tif,2026:09:21 15:39:41-04:00,09/21 15:39:41,bill,1/13/1958,bill,bill,,1,2 ,1-13-58-1pgs-env-2-rb-tif,,,1,FALSE
1.20.58 1pgs RB.tif,2026:09:21 15:40:25-04:00,09/21 15:40:25,"bill, greensboro",1/20/1958,bill,greensboro,,1,,1-20-58-1pgs-rb-tif,,,1,FALSE
1.23.58 2pgs RB.tif,2026:09:21 15:41:04-04:00,09/21 15:41:04,"bill, greensboro",1/23/1958,bill,greensboro,,2,,1-23-58-2pgs-rb-tif,,multiple,1,FALSE
1.30.58 2pgs RB.tif,2026:09:21 15:41:51-04:00,09/21 15:41:51,"bill, greensboro",1/30/1958,bill,greensboro,,2,,1-30-58-2pgs-rb-tif,,multiple,1,FALSE
2.3.58 1pgs RB.tif,2026:09:21 15:42:30-04:00,09/21 15:42:30,"bill, guilford college",2/3/1958,bill,guilford college,,1,,2-3-58-1pgs-rb-tif,,,1,FALSE
2.13.58 1pgs RB.tif,2026:09:21 15:43:11-04:00,09/21 15:43:11,"bill, guilford college",2/13/1958,bill,guilford college,,1,,2-13-58-1pgs-rb-tif,,,1,FALSE
2.18.58 1pgs RB.tif,2026:09:21 15:43:54-04:00,09/21 15:43:54,"bill, greensboro",2/18/1958,bill,greensboro,,1,,2-18-58-1pgs-rb-tif,,,1,FALSE
2.27.58 2pgs RB.tif,2026:09:21 15:44:39-04:00,09/21 15:44:39,"bill, guilford college",2/27/1958,bill,guilford college,,2,,2-27-58-2pgs-rb-tif,,multiple,1,FALSE
3.7.58 2pgs RB.tif,2026:09:21 15:45:12-04:00,09/21 15:45:12,"bill, greensboro",3/7/1958,bill,greensboro,,2,,3-7-58-2pgs-rb-tif,,multiple,1,FALSE
3.25.58 2pgs RB.tif,2026:09:21 15:45:49-04:00,09/21 15:45:49,"bill, little river, greensboro",3/25/1958,bill,greensboro,little river,2,,3-25-58-2pgs-rb-tif,,multiple,1,FALSE
4.11.58 1pgs RB.tif,2026:09:21 15:46:19-04:00,09/21 15:46:19,"bill, greensboro",4/11/1958,bill,greensboro,,1,,4-11-58-1pgs-rb-tif,,,1,FALSE